# source=measured_static_balance_timeseries, provisional=false
trial_id,t_s,pitch_deg,roll_deg,balance_enabled,protection_state
e1_m01,0.000,-0.34863,-0.22928,1,0
e1_m01,0.100,-0.16662,-0.12231,1,0
e1_m01,0.200,-0.18162,-0.13152,1,0
e1_m01,0.300,-0.11259,-0.05009,1,0
e1_m01,0.400,-0.20377,-0.21441,1,0
e1_m01,0.500,-0.33869,-0.21832,1,0
e1_m01,0.600,-0.29898,-0.34981,1,0
e1_m01,0.700,-0.36031,-0.33199,1,0
e1_m01,0.800,-0.42113,-0.40349,1,0
e1_m01,0.900,-0.48441,-0.36385,1,0
e1_m01,1.000,-0.49928,-0.37870,1,0
e1_m01,1.100,-0.56328,-0.40483,1,0
e1_m01,1.200,-0.53844,-0.38388,1,0
e1_m01,1.300,-0.49332,-0.41497,1,0
e1_m01,1.400,-0.41359,-0.35733,1,0
e1_m01,1.500,-0.21478,-0.36550,1,0
e1_m01,1.600,-0.10732,-0.22323,1,0
e1_m01,1.700,-0.01690,-0.18807,1,0
e1_m01,1.800,-0.17929,-0.05059,1,0
e1_m01,1.900,-0.21862,-0.14403,1,0
e1_m01,2.000,-0.32213,-0.18153,1,0
e1_m01,2.100,-0.38709,-0.15437,1,0
e1_m01,2.200,-0.43453,-0.20253,1,0
e1_m01,2.300,-0.44237,-0.35226,1,0
e1_m01,2.400,-0.52500,-0.36267,1,0
e1_m01,2.500,-0.52389,-0.40466,1,0
e1_m01,2.600,-0.49750,-0.38444,1,0
e1_m01,2.700,-0.39194,-0.34627,1,0
e1_m01,2.800,-0.36796,-0.35433,1,0
e1_m01,2.900,-0.25807,-0.31978,1,0
e1_m01,3.000,-0.07730,-0.30864,1,0
e1_m01,3.100,-0.04134,-0.30006,1,0
e1_m01,3.200,-0.07751,-0.19553,1,0
e1_m01,3.300,-0.11118,-0.07852,1,0
e1_m01,3.400,-0.33206,-0.07361,1,0
e1_m01,3.500,-0.39614,-0.05372,1,0
e1_m01,3.600,-0.48443,-0.02925,1,0
e1_m01,3.700,-0.45635,-0.12743,1,0
e1_m01,3.800,-0.42102,-0.20053,1,0
e1_m01,3.900,-0.42874,-0.31885,1,0
e1_m01,4.000,-0.48001,-0.34321,1,0
e1_m01,4.100,-0.40354,-0.35959,1,0
e1_m01,4.200,-0.27932,-0.34348,1,0
e1_m01,4.300,-0.19241,-0.42741,1,0
e1_m01,4.400,-0.11529,-0.38081,1,0
e1_m01,4.500,0.00868,-0.31406,1,0
e1_m01,4.600,-0.05956,-0.31735,1,0
e1_m01,4.700,-0.11643,-0.33675,1,0
e1_m01,4.800,-0.24022,-0.22892,1,0
e1_m01,4.900,-0.46207,-0.18969,1,0
e1_m01,5.000,-0.43273,-0.18457,1,0
e1_m01,5.100,-0.54426,-0.07343,1,0
e1_m01,5.200,-0.52845,-0.02783,1,0
e1_m01,5.300,-0.44336,-0.08543,1,0
e1_m01,5.400,-0.34394,-0.15451,1,0
e1_m01,5.500,-0.33495,-0.25191,1,0
e1_m01,5.600,-0.24274,-0.30809,1,0
e1_m01,5.700,-0.21310,-0.39523,1,0
e1_m01,5.800,-0.16384,-0.40676,1,0
e1_m01,5.900,-0.12832,-0.33524,1,0
e1_m01,6.000,-0.03914,-0.36223,1,0
e1_m01,6.100,-0.02977,-0.27939,1,0
e1_m01,6.200,-0.25997,-0.34338,1,0
e1_m01,6.300,-0.31951,-0.33820,1,0
e1_m01,6.400,-0.44614,-0.30798,1,0
e1_m01,6.500,-0.51337,-0.17792,1,0
e1_m01,6.600,-0.47463,-0.18520,1,0
e1_m01,6.700,-0.36151,-0.08531,1,0
e1_m01,6.800,-0.33139,-0.02870,1,0
e1_m01,6.900,-0.24772,-0.01014,1,0
e1_m01,7.000,-0.18810,-0.06490,1,0
e1_m01,7.100,-0.21640,-0.21150,1,0
e1_m01,7.200,-0.15096,-0.24579,1,0
e1_m01,7.300,-0.11508,-0.29149,1,0
e1_m01,7.400,-0.07610,-0.35674,1,0
e1_m01,7.500,-0.04340,-0.31852,1,0
e1_m01,7.600,-0.17706,-0.35870,1,0
e1_m01,7.700,-0.32149,-0.27015,1,0
e1_m01,7.800,-0.45580,-0.29047,1,0
e1_m01,7.900,-0.43005,-0.29509,1,0
e1_m01,8.000,-0.53032,-0.26196,1,0
e1_m01,8.100,-0.48453,-0.20115,1,0
e1_m01,8.200,-0.36437,-0.15254,1,0
e1_m01,8.300,-0.21866,-0.11501,1,0
e1_m01,8.400,-0.20968,-0.08311,1,0
e1_m01,8.500,-0.06470,-0.01921,1,0
e1_m01,8.600,-0.13514,-0.05373,1,0
e1_m01,8.700,-0.09760,-0.04168,1,0
e1_m01,8.800,-0.09891,-0.18250,1,0
e1_m01,8.900,-0.14711,-0.28561,1,0
e1_m01,9.000,-0.17715,-0.35341,1,0
e1_m01,9.100,-0.27332,-0.32838,1,0
e1_m01,9.200,-0.40547,-0.34225,1,0
e1_m01,9.300,-0.47547,-0.29183,1,0
e1_m01,9.400,-0.44276,-0.23295,1,0
e1_m01,9.500,-0.44763,-0.27261,1,0
e1_m01,9.600,-0.34431,-0.23503,1,0
e1_m01,9.700,-0.30076,-0.23732,1,0
e1_m01,9.800,-0.03850,-0.09025,1,0
e1_m01,9.900,-0.11957,-0.04700,1,0
e1_m01,10.000,-0.05016,0.01564,1,0
e1_m01,10.100,-0.12664,-0.04766,1,0
e1_m01,10.200,-0.05792,-0.00573,1,0
e1_m01,10.300,-0.17982,-0.08493,1,0
e1_m01,10.400,-0.20044,-0.19864,1,0
e1_m01,10.500,-0.22976,-0.20439,1,0
e1_m01,10.600,-0.34737,-0.28059,1,0
e1_m01,10.700,-0.46745,-0.26617,1,0
e1_m01,10.800,-0.54247,-0.39416,1,0
e1_m01,10.900,-0.48866,-0.34406,1,0
e1_m01,11.000,-0.35178,-0.27653,1,0
e1_m01,11.100,-0.19114,-0.30693,1,0
e1_m01,11.200,-0.09312,-0.20014,1,0
e1_m01,11.300,0.07595,-0.26049,1,0
e1_m01,11.400,-0.00800,-0.19906,1,0
e1_m01,11.500,-0.03061,-0.06698,1,0
e1_m01,11.600,-0.06760,-0.10420,1,0
e1_m01,11.700,-0.17296,0.00600,1,0
e1_m01,11.800,-0.18916,0.02418,1,0
e1_m01,11.900,-0.22652,-0.05019,1,0
e1_m01,12.000,-0.31756,-0.06281,1,0
e1_m01,12.100,-0.36502,-0.13348,1,0
e1_m01,12.200,-0.41086,-0.27168,1,0
e1_m01,12.300,-0.43937,-0.36077,1,0
e1_m01,12.400,-0.37931,-0.38614,1,0
e1_m01,12.500,-0.28185,-0.36934,1,0
e1_m01,12.600,-0.10562,-0.31374,1,0
e1_m01,12.700,0.03082,-0.23810,1,0
e1_m01,12.800,0.03680,-0.23592,1,0
e1_m01,12.900,-0.06173,-0.20893,1,0
e1_m01,13.000,-0.05805,-0.17963,1,0
e1_m01,13.100,-0.20185,-0.09865,1,0
e1_m01,13.200,-0.27715,-0.05923,1,0
e1_m01,13.300,-0.30890,-0.03439,1,0
e1_m01,13.400,-0.24425,0.07041,1,0
e1_m01,13.500,-0.31889,0.02352,1,0
e1_m01,13.600,-0.24946,-0.01019,1,0
e1_m01,13.700,-0.35834,-0.13766,1,0
e1_m01,13.800,-0.36541,-0.19577,1,0
e1_m01,13.900,-0.34587,-0.31402,1,0
e1_m01,14.000,-0.17722,-0.35271,1,0
e1_m01,14.100,0.06142,-0.41567,1,0
e1_m01,14.200,0.07951,-0.31242,1,0
e1_m01,14.300,0.02910,-0.21270,1,0
e1_m01,14.400,-0.08783,-0.16946,1,0
e1_m01,14.500,-0.14763,-0.14887,1,0
e1_m01,14.600,-0.23786,-0.18617,1,0
e1_m01,14.700,-0.28024,-0.09423,1,0
e1_m01,14.800,-0.27400,-0.09564,1,0
e1_m01,14.900,-0.30901,-0.03959,1,0
e1_m01,15.000,-0.30060,0.01747,1,0
e1_m01,15.100,-0.26423,0.07927,1,0
e1_m01,15.200,-0.25595,-0.00166,1,0
e1_m01,15.300,-0.19541,-0.09161,1,0
e1_m01,15.400,-0.09014,-0.19310,1,0
e1_m01,15.500,0.03468,-0.20926,1,0
e1_m01,15.600,0.07166,-0.25690,1,0
e1_m01,15.700,0.07938,-0.31967,1,0
e1_m01,15.800,-0.01302,-0.26944,1,0
e1_m01,15.900,-0.07909,-0.23493,1,0
e1_m01,16.000,-0.26200,-0.25845,1,0
e1_m01,16.100,-0.33654,-0.12463,1,0
e1_m01,16.200,-0.33334,-0.11181,1,0
e1_m01,16.300,-0.32289,-0.11729,1,0
e1_m01,16.400,-0.33125,-0.08415,1,0
e1_m01,16.500,-0.21200,0.00008,1,0
e1_m01,16.600,-0.27033,-0.02780,1,0
e1_m01,16.700,-0.17790,0.06422,1,0
e1_m01,16.800,-0.09560,0.03288,1,0
e1_m01,16.900,-0.01813,0.01661,1,0
e1_m01,17.000,0.04047,-0.04142,1,0
e1_m01,17.100,0.15047,-0.15945,1,0
e1_m01,17.200,0.02335,-0.27695,1,0
e1_m01,17.300,-0.13268,-0.30240,1,0
e1_m01,17.400,-0.14365,-0.29384,1,0
e1_m01,17.500,-0.32128,-0.34932,1,0
e1_m01,17.600,-0.35414,-0.19482,1,0
e1_m01,17.700,-0.44405,-0.14531,1,0
e1_m01,17.800,-0.29305,-0.04741,1,0
e1_m01,17.900,-0.19695,-0.03573,1,0
e1_m01,18.000,-0.21264,0.00077,1,0
e1_m01,18.100,-0.07344,-0.07649,1,0
e1_m01,18.200,-0.05424,0.00185,1,0
e1_m01,18.300,-0.06128,0.02383,1,0
e1_m01,18.400,0.02514,0.03802,1,0
e1_m01,18.500,0.07735,0.04113,1,0
e1_m01,18.600,0.09608,-0.08178,1,0
e1_m01,18.700,-0.04508,-0.12035,1,0
e1_m01,18.800,-0.10942,-0.18707,1,0
e1_m01,18.900,-0.30986,-0.26361,1,0
e1_m01,19.000,-0.36307,-0.30159,1,0
e1_m01,19.100,-0.44505,-0.33056,1,0
e1_m01,19.200,-0.30249,-0.22083,1,0
e1_m01,19.300,-0.27061,-0.15557,1,0
e1_m01,19.400,-0.11452,-0.06340,1,0
e1_m01,19.500,-0.03634,-0.01177,1,0
e1_m01,19.600,0.03270,-0.02317,1,0
e1_m01,19.700,0.02940,-0.02744,1,0
e1_m01,19.800,0.05423,0.00660,1,0
e1_m01,19.900,-0.01704,0.01696,1,0
e1_m01,20.000,0.03151,0.00228,1,0
e1_m01,20.100,-0.05582,0.05929,1,0
e1_m01,20.200,-0.13605,-0.01850,1,0
e1_m01,20.300,-0.30696,0.00242,1,0
e1_m01,20.400,-0.43415,-0.14482,1,0
e1_m01,20.500,-0.38689,-0.19287,1,0
e1_m01,20.600,-0.26332,-0.29016,1,0
e1_m01,20.700,-0.24507,-0.28723,1,0
e1_m01,20.800,-0.10352,-0.28613,1,0
e1_m01,20.900,0.01984,-0.13996,1,0
e1_m01,21.000,0.16213,-0.18765,1,0
e1_m01,21.100,0.12438,-0.06348,1,0
e1_m01,21.200,0.05264,0.00198,1,0
e1_m01,21.300,0.01328,-0.00650,1,0
e1_m01,21.400,0.02960,0.01878,1,0
e1_m01,21.500,-0.02926,0.00834,1,0
e1_m01,21.600,-0.01890,0.09005,1,0
e1_m01,21.700,-0.18428,0.07306,1,0
e1_m01,21.800,-0.32606,0.04866,1,0
e1_m01,21.900,-0.34677,-0.04613,1,0
e1_m01,22.000,-0.26432,-0.08099,1,0
e1_m01,22.100,-0.24687,-0.15542,1,0
e1_m01,22.200,-0.12798,-0.26701,1,0
e1_m01,22.300,0.08948,-0.31639,1,0
e1_m01,22.400,0.09361,-0.30735,1,0
e1_m01,22.500,0.12461,-0.20448,1,0
e1_m01,22.600,0.14080,-0.09686,1,0
e1_m01,22.700,-0.07634,-0.06902,1,0
e1_m01,22.800,-0.01196,-0.00091,1,0
e1_m01,22.900,-0.08936,0.04025,1,0
e1_m01,23.000,-0.16366,-0.00597,1,0
e1_m01,23.100,-0.15393,0.04082,1,0
e1_m01,23.200,-0.21801,0.01719,1,0
e1_m01,23.300,-0.26734,0.06706,1,0
e1_m01,23.400,-0.33981,0.09230,1,0
e1_m01,23.500,-0.24934,0.00085,1,0
e1_m01,23.600,-0.15780,-0.00866,1,0
e1_m01,23.700,-0.00837,-0.08573,1,0
e1_m01,23.800,0.19360,-0.19476,1,0
e1_m01,23.900,0.20921,-0.22411,1,0
e1_m01,24.000,0.12164,-0.26715,1,0
e1_m01,24.100,0.03272,-0.24870,1,0
e1_m01,24.200,-0.04696,-0.17518,1,0
e1_m01,24.300,-0.07779,-0.04863,1,0
e1_m01,24.400,-0.19859,-0.11366,1,0
e1_m01,24.500,-0.08561,0.06204,1,0
e1_m01,24.600,-0.19105,0.01103,1,0
e1_m01,24.700,-0.16823,0.06222,1,0
e1_m01,24.800,-0.25600,0.04619,1,0
e1_m01,24.900,-0.18319,0.06665,1,0
e1_m01,25.000,-0.11964,0.06675,1,0
e1_m01,25.100,0.04375,0.13132,1,0
e1_m01,25.200,0.12164,0.01322,1,0
e1_m01,25.300,0.19704,-0.03277,1,0
e1_m01,25.400,0.26263,-0.12661,1,0
e1_m01,25.500,0.13383,-0.24386,1,0
e1_m01,25.600,-0.02688,-0.24520,1,0
e1_m01,25.700,-0.15169,-0.25026,1,0
e1_m01,25.800,-0.12826,-0.25014,1,0
e1_m01,25.900,-0.16713,-0.10455,1,0
e1_m01,26.000,-0.21581,-0.02475,1,0
e1_m01,26.100,-0.12182,0.10333,1,0
e1_m01,26.200,-0.18741,0.12501,1,0
e1_m01,26.300,-0.18308,0.07026,1,0
e1_m01,26.400,-0.07052,0.11487,1,0
e1_m01,26.500,-0.04211,0.11971,1,0
e1_m01,26.600,0.09610,0.06313,1,0
e1_m01,26.700,0.19374,0.08126,1,0
e1_m01,26.800,0.14461,0.03731,1,0
e1_m01,26.900,0.16361,0.02134,1,0
e1_m01,27.000,0.02467,-0.06515,1,0
e1_m01,27.100,-0.09612,-0.22622,1,0
e1_m01,27.200,-0.22546,-0.24664,1,0
e1_m01,27.300,-0.29282,-0.19531,1,0
e1_m01,27.400,-0.22104,-0.23926,1,0
e1_m01,27.500,-0.24609,-0.11158,1,0
e1_m01,27.600,-0.09794,-0.07812,1,0
e1_m01,27.700,-0.06297,0.08097,1,0
e1_m01,27.800,-0.04470,0.04057,1,0
e1_m01,27.900,0.01955,0.11648,1,0
e1_m01,28.000,0.17232,0.10874,1,0
e1_m01,28.100,0.26000,0.09719,1,0
e1_m01,28.200,0.20441,0.14626,1,0
e1_m01,28.300,0.13334,0.10437,1,0
e1_m01,28.400,0.06734,0.06169,1,0
e1_m01,28.500,-0.06704,0.06984,1,0
e1_m01,28.600,-0.19270,-0.06409,1,0
e1_m01,28.700,-0.23700,-0.16951,1,0
e1_m01,28.800,-0.24919,-0.18956,1,0
e1_m01,28.900,-0.12226,-0.24234,1,0
e1_m01,29.000,-0.10152,-0.18580,1,0
e1_m01,29.100,-0.07841,-0.15573,1,0
e1_m01,29.200,-0.00563,-0.07451,1,0
e1_m01,29.300,0.09106,0.02235,1,0
e1_m01,29.400,0.07121,0.08364,1,0
e1_m01,29.500,0.14838,0.10594,1,0
e1_m01,29.600,0.23995,0.11700,1,0
e1_m01,29.700,0.26995,0.08936,1,0
e1_m01,29.800,0.11140,0.12043,1,0
e1_m01,29.900,-0.01747,0.07060,1,0
e1_m01,30.000,-0.08689,0.08062,1,0
e1_m01,30.100,-0.28551,0.05315,1,0
e1_m01,30.200,-0.23015,0.02080,1,0
e1_m01,30.300,-0.25140,-0.07807,1,0
e1_m01,30.400,-0.13919,-0.11120,1,0
e1_m01,30.500,0.03927,-0.17131,1,0
e1_m01,30.600,0.01404,-0.23807,1,0
e1_m01,30.700,0.14961,-0.13626,1,0
e1_m01,30.800,0.11343,-0.07901,1,0
e1_m01,30.900,0.11649,0.03775,1,0
e1_m01,31.000,0.12184,0.04963,1,0
e1_m01,31.100,0.14179,0.11915,1,0
e1_m01,31.200,0.15643,0.20865,1,0
e1_m01,31.300,0.08903,0.15666,1,0
e1_m01,31.400,-0.07998,0.10804,1,0
e1_m01,31.500,-0.17347,0.07729,1,0
e1_m01,31.600,-0.22526,0.13143,1,0
e1_m01,31.700,-0.21549,0.13888,1,0
e1_m01,31.800,-0.14405,0.09588,1,0
e1_m01,31.900,0.05638,0.00016,1,0
e1_m01,32.000,0.13552,-0.10170,1,0
e1_m01,32.100,0.16240,-0.07246,1,0
e1_m01,32.200,0.17533,-0.16758,1,0
e1_m01,32.300,0.26396,-0.18701,1,0
e1_m01,32.400,0.16026,-0.15593,1,0
e1_m01,32.500,0.03487,0.00966,1,0
e1_m01,32.600,0.03294,-0.01330,1,0
e1_m01,32.700,0.07640,0.07056,1,0
e1_m01,32.800,-0.01043,0.16583,1,0
e1_m01,32.900,-0.06762,0.15290,1,0
e1_m01,33.000,-0.21437,0.16952,1,0
e1_m01,33.100,-0.19762,0.18126,1,0
e1_m01,33.200,-0.09607,0.11101,1,0
e1_m01,33.300,0.12502,0.10320,1,0
e1_m01,33.400,0.12604,0.06549,1,0
e1_m01,33.500,0.27950,0.02568,1,0
e1_m01,33.600,0.26862,0.00590,1,0
e1_m01,33.700,0.22488,-0.13079,1,0
e1_m01,33.800,0.17780,-0.08868,1,0
e1_m01,33.900,0.10898,-0.11994,1,0
e1_m01,34.000,0.06952,-0.10050,1,0
e1_m01,34.100,-0.01594,-0.10001,1,0
e1_m01,34.200,-0.09182,0.03154,1,0
e1_m01,34.300,-0.13711,0.13476,1,0
e1_m01,34.400,-0.12508,0.17402,1,0
e1_m01,34.500,-0.19504,0.20070,1,0
e1_m01,34.600,-0.13814,0.24700,1,0
e1_m01,34.700,0.04971,0.17355,1,0
e1_m01,34.800,0.20971,0.17510,1,0
e1_m01,34.900,0.31356,0.07525,1,0
e1_m01,35.000,0.37512,0.08890,1,0
e1_m01,35.100,0.25982,0.06911,1,0
e1_m01,35.200,0.17982,0.04434,1,0
e1_m01,35.300,0.03824,-0.02844,1,0
e1_m01,35.400,0.06222,-0.12526,1,0
e1_m01,35.500,-0.04764,-0.14992,1,0
e1_m01,35.600,-0.05883,-0.25664,1,0
e1_m01,35.700,-0.05635,-0.12787,1,0
e1_m01,35.800,-0.09847,-0.01293,1,0
e1_m01,35.900,-0.06795,0.07404,1,0
e1_m01,36.000,-0.04834,0.18580,1,0
e1_m01,36.100,0.01854,0.21941,1,0
e1_m01,36.200,0.11860,0.18761,1,0
e1_m01,36.300,0.25678,0.23841,1,0
e1_m01,36.400,0.41344,0.25838,1,0
e1_m01,36.500,0.31549,0.10760,1,0
e1_m01,36.600,0.29633,0.08843,1,0
e1_m01,36.700,0.23470,0.09846,1,0
e1_m01,36.800,0.01984,-0.00094,1,0
e1_m01,36.900,-0.02409,0.01787,1,0
e1_m01,37.000,-0.03386,-0.03614,1,0
e1_m01,37.100,-0.02672,-0.12752,1,0
e1_m01,37.200,-0.05080,-0.09024,1,0
e1_m01,37.300,-0.10017,-0.07887,1,0
e1_m01,37.400,-0.02326,0.01196,1,0
e1_m01,37.500,-0.02381,0.08237,1,0
e1_m01,37.600,0.20742,0.15855,1,0
e1_m01,37.700,0.24818,0.21777,1,0
e1_m01,37.800,0.27637,0.27053,1,0
e1_m01,37.900,0.44136,0.25324,1,0
e1_m01,38.000,0.24822,0.25277,1,0
e1_m01,38.100,0.21677,0.21751,1,0
e1_m01,38.200,0.08195,0.08713,1,0
e1_m01,38.300,-0.04181,0.08832,1,0
e1_m01,38.400,-0.09983,0.03981,1,0
e1_m01,38.500,-0.12250,0.06619,1,0
e1_m01,38.600,-0.07236,-0.01929,1,0
e1_m01,38.700,0.04829,-0.06661,1,0
e1_m01,38.800,0.02751,-0.04072,1,0
e1_m01,38.900,0.10111,-0.06517,1,0
e1_m01,39.000,0.12656,-0.12598,1,0
e1_m01,39.100,0.28702,0.01496,1,0
e1_m01,39.200,0.30994,0.03150,1,0
e1_m01,39.300,0.41837,0.22347,1,0
e1_m01,39.400,0.33470,0.31177,1,0
e1_m01,39.500,0.26630,0.30505,1,0
e1_m01,39.600,0.06891,0.30229,1,0
e1_m01,39.700,-0.07813,0.15994,1,0
e1_m01,39.800,-0.13001,0.16355,1,0
e1_m01,39.900,-0.14211,0.12997,1,0
e1_m01,40.000,-0.11452,0.14681,1,0
e1_m01,40.100,-0.02253,0.03481,1,0
e1_m01,40.200,0.06636,0.04487,1,0
e1_m01,40.300,0.12350,0.00494,1,0
e1_m01,40.400,0.21539,-0.08294,1,0
e1_m01,40.500,0.26675,-0.09850,1,0
e1_m01,40.600,0.23578,-0.11017,1,0
e1_m01,40.700,0.37283,0.07254,1,0
e1_m01,40.800,0.33552,0.08154,1,0
e1_m01,40.900,0.29528,0.26777,1,0
e1_m01,41.000,0.09645,0.22449,1,0
e1_m01,41.100,-0.07184,0.30094,1,0
e1_m01,41.200,-0.08384,0.32750,1,0
e1_m01,41.300,-0.22554,0.30478,1,0
e1_m01,41.400,-0.01504,0.16469,1,0
e1_m01,41.500,0.03336,0.14732,1,0
e1_m01,41.600,0.24751,0.05285,1,0
e1_m01,41.700,0.17435,0.09326,1,0
e1_m01,41.800,0.31342,0.09319,1,0
e1_m01,41.900,0.25531,0.06485,1,0
e1_m01,42.000,0.28111,0.02897,1,0
e1_m01,42.100,0.19595,-0.08296,1,0
e1_m01,42.200,0.25809,-0.04531,1,0
e1_m01,42.300,0.24775,-0.00047,1,0
e1_m01,42.400,0.14382,0.04362,1,0
e1_m01,42.500,0.05827,0.11426,1,0
e1_m01,42.600,-0.08021,0.23952,1,0
e1_m01,42.700,-0.03500,0.34131,1,0
e1_m01,42.800,-0.09161,0.35622,1,0
e1_m01,42.900,0.01213,0.21447,1,0
e1_m01,43.000,0.17199,0.18028,1,0
e1_m01,43.100,0.26987,0.23141,1,0
e1_m01,43.200,0.36452,0.07623,1,0
e1_m01,43.300,0.31508,0.14188,1,0
e1_m01,43.400,0.30264,0.11159,1,0
e1_m01,43.500,0.25890,0.07033,1,0
e1_m01,43.600,0.27290,0.00146,1,0
e1_m01,43.700,0.16283,0.01076,1,0
e1_m01,43.800,0.19339,0.01834,1,0
e1_m01,43.900,0.08145,0.04123,1,0
e1_m01,44.000,0.03178,0.04709,1,0
e1_m01,44.100,-0.09366,0.14857,1,0
e1_m01,44.200,-0.07128,0.21347,1,0
e1_m01,44.300,0.01945,0.25674,1,0
e1_m01,44.400,0.09337,0.36363,1,0
e1_m01,44.500,0.21536,0.25937,1,0
e1_m01,44.600,0.40244,0.27313,1,0
e1_m01,44.700,0.47366,0.22683,1,0
e1_m01,44.800,0.36532,0.24190,1,0
e1_m01,44.900,0.26496,0.07669,1,0
e1_m01,45.000,0.20630,0.09553,1,0
e1_m01,45.100,0.11532,0.10727,1,0
e1_m01,45.200,0.18323,-0.05279,1,0
e1_m01,45.300,0.11518,0.00647,1,0
e1_m01,45.400,0.06069,0.01690,1,0
e1_m01,45.500,-0.00686,-0.04497,1,0
e1_m01,45.600,-0.01731,0.03068,1,0
e1_m01,45.700,-0.01470,0.14006,1,0
e1_m01,45.800,0.13085,0.15420,1,0
e1_m01,45.900,0.24542,0.26447,1,0
e1_m01,46.000,0.40139,0.34415,1,0
e1_m01,46.100,0.45119,0.34746,1,0
e1_m01,46.200,0.35866,0.34054,1,0
e1_m01,46.300,0.44781,0.24901,1,0
e1_m01,46.400,0.23365,0.19254,1,0
e1_m01,46.500,0.17244,0.11131,1,0
e1_m01,46.600,0.09974,0.15152,1,0
e1_m01,46.700,0.13189,0.09919,1,0
e1_m01,46.800,0.10238,0.12309,1,0
e1_m01,46.900,0.03834,0.04720,1,0
e1_m01,47.000,-0.02490,0.05842,1,0
e1_m01,47.100,0.00166,0.04996,1,0
e1_m01,47.200,0.13561,0.02255,1,0
e1_m01,47.300,0.26680,0.12891,1,0
e1_m01,47.400,0.31241,0.15698,1,0
e1_m01,47.500,0.50300,0.20356,1,0
e1_m01,47.600,0.46340,0.24269,1,0
e1_m01,47.700,0.40415,0.39966,1,0
e1_m01,47.800,0.23356,0.36609,1,0
e1_m01,47.900,0.20060,0.35643,1,0
e1_m01,48.000,0.13681,0.25971,1,0
e1_m01,48.100,0.07630,0.15488,1,0
e1_m01,48.200,0.08554,0.12770,1,0
e1_m01,48.300,0.11004,0.15166,1,0
e1_m01,48.400,0.14099,0.11354,1,0
e1_m01,48.500,0.05353,0.05241,1,0
e1_m01,48.600,0.18317,0.04238,1,0
e1_m01,48.700,0.22110,0.19046,1,0
e1_m01,48.800,0.35091,0.03761,1,0
e1_m01,48.900,0.47204,0.10194,1,0
e1_m01,49.000,0.52742,0.10851,1,0
e1_m01,49.100,0.38367,0.19634,1,0
e1_m01,49.200,0.34482,0.28169,1,0
e1_m01,49.300,0.23079,0.40879,1,0
e1_m01,49.400,0.06383,0.43558,1,0
e1_m01,49.500,0.10809,0.31639,1,0
e1_m01,49.600,0.02518,0.32551,1,0
e1_m01,49.700,0.09295,0.20893,1,0
e1_m01,49.800,0.13671,0.15847,1,0
e1_m01,49.900,0.14087,0.06018,1,0
e1_m01,50.000,0.17588,0.09727,1,0
e1_m01,50.100,0.21042,0.10633,1,0
e1_m01,50.200,0.35269,0.07840,1,0
e1_m01,50.300,0.42419,0.06998,1,0
e1_m01,50.400,0.46195,0.08633,1,0
e1_m01,50.500,0.53521,0.13154,1,0
e1_m01,50.600,0.38399,0.17311,1,0
e1_m01,50.700,0.25132,0.19301,1,0
e1_m01,50.800,0.08866,0.32486,1,0
e1_m01,50.900,0.03043,0.35562,1,0
e1_m01,51.000,0.01843,0.39419,1,0
e1_m01,51.100,0.09021,0.33826,1,0
e1_m01,51.200,0.14283,0.32236,1,0
e1_m01,51.300,0.18990,0.32143,1,0
e1_m01,51.400,0.20914,0.20904,1,0
e1_m01,51.500,0.33452,0.13689,1,0
e1_m01,51.600,0.40071,0.15293,1,0
e1_m01,51.700,0.41351,0.14618,1,0
e1_m01,51.800,0.42384,0.10974,1,0
e1_m01,51.900,0.47488,0.14542,1,0
e1_m01,52.000,0.46925,0.19520,1,0
e1_m01,52.100,0.23339,0.10702,1,0
e1_m01,52.200,0.14268,0.12773,1,0
e1_m01,52.300,0.01463,0.19895,1,0
e1_m01,52.400,-0.02119,0.27904,1,0
e1_m01,52.500,0.06195,0.35736,1,0
e1_m01,52.600,0.17347,0.41349,1,0
e1_m01,52.700,0.21795,0.41910,1,0
e1_m01,52.800,0.33611,0.42404,1,0
e1_m01,52.900,0.36207,0.33449,1,0
e1_m01,53.000,0.40522,0.22990,1,0
e1_m01,53.100,0.32496,0.16238,1,0
e1_m01,53.200,0.43905,0.16009,1,0
e1_m01,53.300,0.34975,0.08315,1,0
e1_m01,53.400,0.39081,0.09490,1,0
e1_m01,53.500,0.31486,0.09373,1,0
e1_m01,53.600,0.20036,0.09010,1,0
e1_m01,53.700,0.11647,0.16330,1,0
e1_m01,53.800,0.03220,0.13017,1,0
e1_m01,53.900,0.10593,0.19929,1,0
e1_m01,54.000,0.11732,0.26524,1,0
e1_m01,54.100,0.28073,0.27718,1,0
e1_m01,54.200,0.38496,0.36228,1,0
e1_m01,54.300,0.48316,0.40788,1,0
e1_m01,54.400,0.47594,0.53860,1,0
e1_m01,54.500,0.44639,0.43640,1,0
e1_m01,54.600,0.40973,0.31955,1,0
e1_m01,54.700,0.41504,0.21058,1,0
e1_m01,54.800,0.26587,0.16007,1,0
e1_m01,54.900,0.30960,0.06543,1,0
e1_m01,55.000,0.23757,0.08412,1,0
e1_m01,55.100,0.14979,0.12827,1,0
e1_m01,55.200,0.09127,0.15489,1,0
e1_m01,55.300,0.07352,0.15804,1,0
e1_m01,55.400,0.11219,0.16241,1,0
e1_m01,55.500,0.25736,0.17057,1,0
e1_m01,55.600,0.44487,0.26652,1,0
e1_m01,55.700,0.51851,0.30459,1,0
e1_m01,55.800,0.52933,0.36368,1,0
e1_m01,55.900,0.52998,0.53916,1,0
e1_m01,56.000,0.39687,0.44137,1,0
e1_m01,56.100,0.42971,0.46047,1,0
e1_m01,56.200,0.29541,0.39587,1,0
e1_m01,56.300,0.33059,0.32596,1,0
e1_m01,56.400,0.26506,0.23753,1,0
e1_m01,56.500,0.26737,0.16909,1,0
e1_m01,56.600,0.15496,0.11640,1,0
e1_m01,56.700,0.11763,0.09588,1,0
e1_m01,56.800,0.14112,0.09502,1,0
e1_m01,56.900,0.26525,0.20858,1,0
e1_m01,57.000,0.35398,0.17634,1,0
e1_m01,57.100,0.51862,0.22832,1,0
e1_m01,57.200,0.60051,0.20813,1,0
e1_m01,57.300,0.60021,0.33829,1,0
e1_m01,57.400,0.51771,0.36222,1,0
e1_m01,57.500,0.37682,0.43814,1,0
e1_m01,57.600,0.27168,0.43721,1,0
e1_m01,57.700,0.29871,0.42899,1,0
e1_m01,57.800,0.24662,0.45633,1,0
e1_m01,57.900,0.20232,0.36184,1,0
e1_m01,58.000,0.15995,0.24068,1,0
e1_m01,58.100,0.18383,0.12429,1,0
e1_m01,58.200,0.13563,0.14070,1,0
e1_m01,58.300,0.24341,0.15041,1,0
e1_m01,58.400,0.34059,0.10802,1,0
e1_m01,58.500,0.59480,0.15296,1,0
e1_m01,58.600,0.49253,0.13253,1,0
e1_m01,58.700,0.60875,0.24868,1,0
e1_m01,58.800,0.50782,0.19931,1,0
e1_m01,58.900,0.41016,0.33685,1,0
e1_m01,59.000,0.31260,0.32138,1,0
e1_m01,59.100,0.23177,0.41447,1,0
e1_m01,59.200,0.21717,0.46032,1,0
e1_m01,59.300,0.21191,0.51694,1,0
e1_m01,59.400,0.20683,0.53411,1,0
e1_m01,59.500,0.20287,0.38248,1,0
e1_m01,59.600,0.22879,0.26079,1,0
e1_m01,59.700,0.26679,0.18566,1,0
e1_m01,59.800,0.37012,0.18856,1,0
e1_m01,59.900,0.53288,0.14908,1,0
e1_m01,60.000,0.63462,0.12202,1,0
e1_m02,0.000,-0.46202,-0.19497,1,0
e1_m02,0.100,-0.32426,-0.19979,1,0
e1_m02,0.200,-0.23427,-0.07478,1,0
e1_m02,0.300,-0.17491,-0.10954,1,0
e1_m02,0.400,-0.27304,-0.24517,1,0
e1_m02,0.500,-0.35593,-0.22571,1,0
e1_m02,0.600,-0.49556,-0.41016,1,0
e1_m02,0.700,-0.48250,-0.41684,1,0
e1_m02,0.800,-0.48556,-0.50395,1,0
e1_m02,0.900,-0.58543,-0.45061,1,0
e1_m02,1.000,-0.56905,-0.47655,1,0
e1_m02,1.100,-0.67311,-0.48744,1,0
e1_m02,1.200,-0.69911,-0.52018,1,0
e1_m02,1.300,-0.65953,-0.46598,1,0
e1_m02,1.400,-0.52436,-0.43235,1,0
e1_m02,1.500,-0.23686,-0.42402,1,0
e1_m02,1.600,-0.18767,-0.25667,1,0
e1_m02,1.700,-0.17452,-0.20385,1,0
e1_m02,1.800,-0.23694,-0.11001,1,0
e1_m02,1.900,-0.31885,-0.04024,1,0
e1_m02,2.000,-0.49795,-0.13510,1,0
e1_m02,2.100,-0.61956,-0.17476,1,0
e1_m02,2.200,-0.53264,-0.35761,1,0
e1_m02,2.300,-0.54138,-0.43990,1,0
e1_m02,2.400,-0.59969,-0.39038,1,0
e1_m02,2.500,-0.60393,-0.50554,1,0
e1_m02,2.600,-0.65364,-0.48570,1,0
e1_m02,2.700,-0.58768,-0.43735,1,0
e1_m02,2.800,-0.44352,-0.46202,1,0
e1_m02,2.900,-0.25303,-0.48315,1,0
e1_m02,3.000,-0.06958,-0.43986,1,0
e1_m02,3.100,-0.10469,-0.33815,1,0
e1_m02,3.200,-0.18594,-0.26415,1,0
e1_m02,3.300,-0.32458,-0.20962,1,0
e1_m02,3.400,-0.38794,-0.12826,1,0
e1_m02,3.500,-0.55716,-0.05228,1,0
e1_m02,3.600,-0.55010,-0.10368,1,0
e1_m02,3.700,-0.57254,-0.19337,1,0
e1_m02,3.800,-0.59326,-0.30068,1,0
e1_m02,3.900,-0.53981,-0.34653,1,0
e1_m02,4.000,-0.50018,-0.43928,1,0
e1_m02,4.100,-0.51062,-0.47618,1,0
e1_m02,4.200,-0.43205,-0.51968,1,0
e1_m02,4.300,-0.39830,-0.39889,1,0
e1_m02,4.400,-0.22422,-0.39643,1,0
e1_m02,4.500,-0.08741,-0.43769,1,0
e1_m02,4.600,-0.06954,-0.42016,1,0
e1_m02,4.700,-0.20866,-0.34952,1,0
e1_m02,4.800,-0.35360,-0.27923,1,0
e1_m02,4.900,-0.52733,-0.28109,1,0
e1_m02,5.000,-0.63910,-0.17914,1,0
e1_m02,5.100,-0.68272,-0.09954,1,0
e1_m02,5.200,-0.62522,-0.03649,1,0
e1_m02,5.300,-0.56352,-0.11445,1,0
e1_m02,5.400,-0.48387,-0.19597,1,0
e1_m02,5.500,-0.46163,-0.24751,1,0
e1_m02,5.600,-0.34703,-0.44928,1,0
e1_m02,5.700,-0.30560,-0.47544,1,0
e1_m02,5.800,-0.20775,-0.51448,1,0
e1_m02,5.900,-0.18678,-0.40567,1,0
e1_m02,6.000,-0.11348,-0.38817,1,0
e1_m02,6.100,-0.11804,-0.40485,1,0
e1_m02,6.200,-0.36807,-0.34914,1,0
e1_m02,6.300,-0.50939,-0.37510,1,0
e1_m02,6.400,-0.58221,-0.31384,1,0
e1_m02,6.500,-0.65150,-0.27431,1,0
e1_m02,6.600,-0.61736,-0.14385,1,0
e1_m02,6.700,-0.50380,-0.11238,1,0
e1_m02,6.800,-0.43362,-0.02709,1,0
e1_m02,6.900,-0.29995,-0.06135,1,0
e1_m02,7.000,-0.35565,-0.11872,1,0
e1_m02,7.100,-0.27371,-0.18741,1,0
e1_m02,7.200,-0.27010,-0.34717,1,0
e1_m02,7.300,-0.19142,-0.35944,1,0
e1_m02,7.400,-0.21371,-0.49210,1,0
e1_m02,7.500,-0.16830,-0.42546,1,0
e1_m02,7.600,-0.20434,-0.44742,1,0
e1_m02,7.700,-0.41697,-0.39730,1,0
e1_m02,7.800,-0.48888,-0.33618,1,0
e1_m02,7.900,-0.64102,-0.27319,1,0
e1_m02,8.000,-0.58420,-0.28108,1,0
e1_m02,8.100,-0.48207,-0.25835,1,0
e1_m02,8.200,-0.47855,-0.19132,1,0
e1_m02,8.300,-0.27828,-0.13220,1,0
e1_m02,8.400,-0.23709,-0.06503,1,0
e1_m02,8.500,-0.15125,-0.02775,1,0
e1_m02,8.600,-0.23359,-0.08019,1,0
e1_m02,8.700,-0.22146,-0.16769,1,0
e1_m02,8.800,-0.22147,-0.23323,1,0
e1_m02,8.900,-0.18719,-0.37380,1,0
e1_m02,9.000,-0.32455,-0.35747,1,0
e1_m02,9.100,-0.25927,-0.37503,1,0
e1_m02,9.200,-0.50803,-0.33961,1,0
e1_m02,9.300,-0.57510,-0.34252,1,0
e1_m02,9.400,-0.62520,-0.33171,1,0
e1_m02,9.500,-0.53606,-0.27579,1,0
e1_m02,9.600,-0.43050,-0.30988,1,0
e1_m02,9.700,-0.25101,-0.22548,1,0
e1_m02,9.800,-0.18449,-0.22161,1,0
e1_m02,9.900,-0.13222,-0.13025,1,0
e1_m02,10.000,-0.10921,-0.07850,1,0
e1_m02,10.100,-0.10531,-0.02581,1,0
e1_m02,10.200,-0.12345,0.02926,1,0
e1_m02,10.300,-0.25152,-0.06388,1,0
e1_m02,10.400,-0.20012,-0.17489,1,0
e1_m02,10.500,-0.34416,-0.28992,1,0
e1_m02,10.600,-0.36773,-0.39896,1,0
e1_m02,10.700,-0.54551,-0.38777,1,0
e1_m02,10.800,-0.57514,-0.41538,1,0
e1_m02,10.900,-0.52674,-0.42771,1,0
e1_m02,11.000,-0.46225,-0.34992,1,0
e1_m02,11.100,-0.20106,-0.24343,1,0
e1_m02,11.200,-0.12957,-0.28996,1,0
e1_m02,11.300,-0.07378,-0.28295,1,0
e1_m02,11.400,0.01219,-0.20710,1,0
e1_m02,11.500,-0.16836,-0.17252,1,0
e1_m02,11.600,-0.22336,-0.08566,1,0
e1_m02,11.700,-0.21477,-0.02561,1,0
e1_m02,11.800,-0.28454,-0.00535,1,0
e1_m02,11.900,-0.29486,-0.02777,1,0
e1_m02,12.000,-0.37485,-0.01685,1,0
e1_m02,12.100,-0.45369,-0.11650,1,0
e1_m02,12.200,-0.53536,-0.34075,1,0
e1_m02,12.300,-0.55132,-0.41649,1,0
e1_m02,12.400,-0.37901,-0.41341,1,0
e1_m02,12.500,-0.36872,-0.35852,1,0
e1_m02,12.600,-0.14812,-0.32621,1,0
e1_m02,12.700,0.05827,-0.26672,1,0
e1_m02,12.800,-0.00385,-0.32462,1,0
e1_m02,12.900,-0.03800,-0.25012,1,0
e1_m02,13.000,-0.07753,-0.18576,1,0
e1_m02,13.100,-0.29952,-0.13756,1,0
e1_m02,13.200,-0.36314,-0.11088,1,0
e1_m02,13.300,-0.39480,-0.01797,1,0
e1_m02,13.400,-0.42169,0.01143,1,0
e1_m02,13.500,-0.51479,-0.00035,1,0
e1_m02,13.600,-0.43434,-0.15254,1,0
e1_m02,13.700,-0.45326,-0.11120,1,0
e1_m02,13.800,-0.50076,-0.19002,1,0
e1_m02,13.900,-0.27722,-0.28584,1,0
e1_m02,14.000,-0.14104,-0.39696,1,0
e1_m02,14.100,0.03473,-0.43179,1,0
e1_m02,14.200,0.00343,-0.26961,1,0
e1_m02,14.300,0.00397,-0.31188,1,0
e1_m02,14.400,-0.10729,-0.21850,1,0
e1_m02,14.500,-0.18880,-0.15731,1,0
e1_m02,14.600,-0.29302,-0.22611,1,0
e1_m02,14.700,-0.36182,-0.13940,1,0
e1_m02,14.800,-0.36150,-0.09029,1,0
e1_m02,14.900,-0.35277,-0.05344,1,0
e1_m02,15.000,-0.44121,0.01081,1,0
e1_m02,15.100,-0.33881,0.08302,1,0
e1_m02,15.200,-0.33521,0.00571,1,0
e1_m02,15.300,-0.30101,-0.13283,1,0
e1_m02,15.400,-0.11883,-0.16821,1,0
e1_m02,15.500,-0.04705,-0.28646,1,0
e1_m02,15.600,0.13128,-0.32921,1,0
e1_m02,15.700,0.10240,-0.44710,1,0
e1_m02,15.800,-0.04322,-0.38463,1,0
e1_m02,15.900,-0.08146,-0.33883,1,0
e1_m02,16.000,-0.33122,-0.26587,1,0
e1_m02,16.100,-0.44678,-0.24102,1,0
e1_m02,16.200,-0.47157,-0.15580,1,0
e1_m02,16.300,-0.35687,-0.14101,1,0
e1_m02,16.400,-0.30192,-0.14208,1,0
e1_m02,16.500,-0.22017,0.00630,1,0
e1_m02,16.600,-0.29918,0.01141,1,0
e1_m02,16.700,-0.10572,0.01269,1,0
e1_m02,16.800,-0.20169,0.00748,1,0
e1_m02,16.900,-0.05744,0.03405,1,0
e1_m02,17.000,0.03538,-0.11669,1,0
e1_m02,17.100,0.10422,-0.21710,1,0
e1_m02,17.200,0.05250,-0.29286,1,0
e1_m02,17.300,-0.11146,-0.36546,1,0
e1_m02,17.400,-0.18457,-0.33726,1,0
e1_m02,17.500,-0.50483,-0.30155,1,0
e1_m02,17.600,-0.38115,-0.24044,1,0
e1_m02,17.700,-0.37553,-0.19654,1,0
e1_m02,17.800,-0.30813,-0.08338,1,0
e1_m02,17.900,-0.22433,-0.06216,1,0
e1_m02,18.000,-0.16973,-0.08310,1,0
e1_m02,18.100,-0.12184,-0.05307,1,0
e1_m02,18.200,-0.17459,0.07005,1,0
e1_m02,18.300,-0.01798,0.03614,1,0
e1_m02,18.400,0.01169,-0.00792,1,0
e1_m02,18.500,0.03070,0.05936,1,0
e1_m02,18.600,-0.05615,-0.01455,1,0
e1_m02,18.700,-0.02968,-0.16474,1,0
e1_m02,18.800,-0.26377,-0.22597,1,0
e1_m02,18.900,-0.32806,-0.34216,1,0
e1_m02,19.000,-0.39946,-0.36624,1,0
e1_m02,19.100,-0.48946,-0.38278,1,0
e1_m02,19.200,-0.40732,-0.38484,1,0
e1_m02,19.300,-0.28634,-0.16867,1,0
e1_m02,19.400,-0.11717,-0.17471,1,0
e1_m02,19.500,-0.09233,-0.12988,1,0
e1_m02,19.600,-0.02301,-0.03270,1,0
e1_m02,19.700,-0.03225,-0.07777,1,0
e1_m02,19.800,0.01446,-0.02674,1,0
e1_m02,19.900,-0.03061,-0.01823,1,0
e1_m02,20.000,-0.04988,0.04462,1,0
e1_m02,20.100,-0.02557,-0.00199,1,0
e1_m02,20.200,-0.18437,0.02685,1,0
e1_m02,20.300,-0.28459,-0.04273,1,0
e1_m02,20.400,-0.40662,-0.13990,1,0
e1_m02,20.500,-0.46340,-0.21784,1,0
e1_m02,20.600,-0.39677,-0.22592,1,0
e1_m02,20.700,-0.24947,-0.36199,1,0
e1_m02,20.800,-0.12107,-0.31225,1,0
e1_m02,20.900,0.00298,-0.26043,1,0
e1_m02,21.000,0.02234,-0.12783,1,0
e1_m02,21.100,0.09569,-0.04673,1,0
e1_m02,21.200,-0.07744,-0.07130,1,0
e1_m02,21.300,-0.13062,-0.04972,1,0
e1_m02,21.400,-0.05132,-0.03543,1,0
e1_m02,21.500,-0.06896,-0.00813,1,0
e1_m02,21.600,-0.10513,0.01787,1,0
e1_m02,21.700,-0.19084,0.10972,1,0
e1_m02,21.800,-0.37878,0.03831,1,0
e1_m02,21.900,-0.42086,0.05420,1,0
e1_m02,22.000,-0.38534,-0.08113,1,0
e1_m02,22.100,-0.23436,-0.16531,1,0
e1_m02,22.200,-0.16573,-0.31877,1,0
e1_m02,22.300,-0.02060,-0.41762,1,0
e1_m02,22.400,0.10763,-0.33185,1,0
e1_m02,22.500,0.13634,-0.28169,1,0
e1_m02,22.600,0.07311,-0.17742,1,0
e1_m02,22.700,-0.00168,-0.09428,1,0
e1_m02,22.800,-0.02212,-0.00640,1,0
e1_m02,22.900,-0.14276,0.04094,1,0
e1_m02,23.000,-0.16165,-0.00587,1,0
e1_m02,23.100,-0.12042,0.01330,1,0
e1_m02,23.200,-0.24070,0.00080,1,0
e1_m02,23.300,-0.31571,0.04303,1,0
e1_m02,23.400,-0.37277,0.07665,1,0
e1_m02,23.500,-0.23436,0.05526,1,0
e1_m02,23.600,-0.19116,-0.10070,1,0
e1_m02,23.700,-0.00961,-0.17721,1,0
e1_m02,23.800,0.14290,-0.20085,1,0
e1_m02,23.900,0.23380,-0.32399,1,0
e1_m02,24.000,0.14043,-0.32298,1,0
e1_m02,24.100,0.07601,-0.30546,1,0
e1_m02,24.200,-0.03811,-0.19647,1,0
e1_m02,24.300,-0.13742,-0.06300,1,0
e1_m02,24.400,-0.15393,0.04373,1,0
e1_m02,24.500,-0.20514,0.01353,1,0
e1_m02,24.600,-0.18083,0.10272,1,0
e1_m02,24.700,-0.20079,0.04986,1,0
e1_m02,24.800,-0.21085,0.05427,1,0
e1_m02,24.900,-0.25709,0.04258,1,0
e1_m02,25.000,-0.10768,0.07312,1,0
e1_m02,25.100,0.04354,0.03992,1,0
e1_m02,25.200,0.08240,0.03275,1,0
e1_m02,25.300,0.27684,-0.05839,1,0
e1_m02,25.400,0.13643,-0.18545,1,0
e1_m02,25.500,0.11076,-0.30101,1,0
e1_m02,25.600,-0.05438,-0.27801,1,0
e1_m02,25.700,-0.14657,-0.27792,1,0
e1_m02,25.800,-0.25204,-0.17047,1,0
e1_m02,25.900,-0.25111,-0.14671,1,0
e1_m02,26.000,-0.22698,-0.01659,1,0
e1_m02,26.100,-0.27376,-0.02454,1,0
e1_m02,26.200,-0.17953,0.06867,1,0
e1_m02,26.300,-0.19359,0.09754,1,0
e1_m02,26.400,-0.20206,0.08875,1,0
e1_m02,26.500,-0.06991,0.13398,1,0
e1_m02,26.600,0.15747,0.12921,1,0
e1_m02,26.700,0.22983,0.14258,1,0
e1_m02,26.800,0.29004,0.06703,1,0
e1_m02,26.900,0.18332,0.02704,1,0
e1_m02,27.000,-0.02039,-0.13384,1,0
e1_m02,27.100,-0.18110,-0.23314,1,0
e1_m02,27.200,-0.19170,-0.33442,1,0
e1_m02,27.300,-0.30148,-0.24501,1,0
e1_m02,27.400,-0.23861,-0.29109,1,0
e1_m02,27.500,-0.15927,-0.15461,1,0
e1_m02,27.600,-0.13493,-0.04372,1,0
e1_m02,27.700,-0.04556,0.10083,1,0
e1_m02,27.800,-0.01528,0.08836,1,0
e1_m02,27.900,-0.06082,0.14415,1,0
e1_m02,28.000,0.17412,0.06801,1,0
e1_m02,28.100,0.17907,0.13054,1,0
e1_m02,28.200,0.23416,0.11727,1,0
e1_m02,28.300,0.17554,0.12046,1,0
e1_m02,28.400,0.01634,0.06433,1,0
e1_m02,28.500,-0.03506,0.00840,1,0
e1_m02,28.600,-0.17280,-0.09251,1,0
e1_m02,28.700,-0.28089,-0.12391,1,0
e1_m02,28.800,-0.30157,-0.22476,1,0
e1_m02,28.900,-0.14124,-0.30587,1,0
e1_m02,29.000,-0.06244,-0.24297,1,0
e1_m02,29.100,0.04642,-0.28978,1,0
e1_m02,29.200,0.03712,-0.06085,1,0
e1_m02,29.300,0.08640,0.08007,1,0
e1_m02,29.400,0.13082,0.05558,1,0
e1_m02,29.500,0.23537,0.12985,1,0
e1_m02,29.600,0.25852,0.15857,1,0
e1_m02,29.700,0.27158,0.11961,1,0
e1_m02,29.800,0.16012,0.10441,1,0
e1_m02,29.900,0.01794,0.10649,1,0
e1_m02,30.000,-0.14848,0.07350,1,0
e1_m02,30.100,-0.28981,0.04951,1,0
e1_m02,30.200,-0.23578,0.00655,1,0
e1_m02,30.300,-0.17665,-0.03649,1,0
e1_m02,30.400,-0.00759,-0.14559,1,0
e1_m02,30.500,-0.05655,-0.22684,1,0
e1_m02,30.600,0.03601,-0.23664,1,0
e1_m02,30.700,0.20326,-0.17896,1,0
e1_m02,30.800,0.12061,-0.08747,1,0
e1_m02,30.900,0.09259,0.08084,1,0
e1_m02,31.000,0.15555,0.06076,1,0
e1_m02,31.100,0.16056,0.13534,1,0
e1_m02,31.200,0.14635,0.17633,1,0
e1_m02,31.300,0.03203,0.13462,1,0
e1_m02,31.400,-0.09431,0.12752,1,0
e1_m02,31.500,-0.22927,0.09455,1,0
e1_m02,31.600,-0.25730,0.10128,1,0
e1_m02,31.700,-0.22078,0.06369,1,0
e1_m02,31.800,-0.15800,0.05941,1,0
e1_m02,31.900,-0.08828,-0.05427,1,0
e1_m02,32.000,0.12979,-0.10588,1,0
e1_m02,32.100,0.24509,-0.19258,1,0
e1_m02,32.200,0.22425,-0.25662,1,0
e1_m02,32.300,0.09968,-0.20706,1,0
e1_m02,32.400,0.17055,-0.05171,1,0
e1_m02,32.500,0.16052,-0.09952,1,0
e1_m02,32.600,0.06891,0.05963,1,0
e1_m02,32.700,0.06156,0.20230,1,0
e1_m02,32.800,-0.08301,0.26090,1,0
e1_m02,32.900,-0.20767,0.17848,1,0
e1_m02,33.000,-0.14146,0.15761,1,0
e1_m02,33.100,-0.23983,0.17191,1,0
e1_m02,33.200,-0.09219,0.13277,1,0
e1_m02,33.300,0.00217,0.14345,1,0
e1_m02,33.400,0.16144,0.03390,1,0
e1_m02,33.500,0.27629,0.11059,1,0
e1_m02,33.600,0.32501,-0.02777,1,0
e1_m02,33.700,0.25108,-0.10446,1,0
e1_m02,33.800,0.18281,-0.16055,1,0
e1_m02,33.900,0.04317,-0.21788,1,0
e1_m02,34.000,0.10532,-0.10509,1,0
e1_m02,34.100,0.00156,-0.03430,1,0
e1_m02,34.200,0.04502,0.03960,1,0
e1_m02,34.300,-0.07861,0.12988,1,0
e1_m02,34.400,-0.11270,0.22712,1,0
e1_m02,34.500,-0.17390,0.17991,1,0
e1_m02,34.600,-0.17845,0.26115,1,0
e1_m02,34.700,0.03375,0.19340,1,0
e1_m02,34.800,0.18230,0.07876,1,0
e1_m02,34.900,0.31647,0.12690,1,0
e1_m02,35.000,0.33940,0.08570,1,0
e1_m02,35.100,0.30470,0.08422,1,0
e1_m02,35.200,0.29459,0.02080,1,0
e1_m02,35.300,0.04617,-0.04240,1,0
e1_m02,35.400,0.05262,-0.05730,1,0
e1_m02,35.500,0.02716,-0.08820,1,0
e1_m02,35.600,-0.01981,-0.15067,1,0
e1_m02,35.700,-0.00201,-0.12762,1,0
e1_m02,35.800,-0.04067,-0.03365,1,0
e1_m02,35.900,-0.11816,0.10438,1,0
e1_m02,36.000,-0.18993,0.20650,1,0
e1_m02,36.100,-0.02594,0.31973,1,0
e1_m02,36.200,0.08150,0.32564,1,0
e1_m02,36.300,0.34827,0.16783,1,0
e1_m02,36.400,0.43481,0.16636,1,0
e1_m02,36.500,0.37244,0.14257,1,0
e1_m02,36.600,0.25710,0.14349,1,0
e1_m02,36.700,0.16082,0.06240,1,0
e1_m02,36.800,0.00250,0.10661,1,0
e1_m02,36.900,-0.05318,0.07086,1,0
e1_m02,37.000,0.04068,-0.05165,1,0
e1_m02,37.100,0.01799,-0.06782,1,0
e1_m02,37.200,-0.03285,-0.13496,1,0
e1_m02,37.300,-0.01841,-0.06857,1,0
e1_m02,37.400,0.01265,0.02419,1,0
e1_m02,37.500,0.10128,0.02573,1,0
e1_m02,37.600,0.20027,0.16950,1,0
e1_m02,37.700,0.22778,0.19587,1,0
e1_m02,37.800,0.42549,0.32640,1,0
e1_m02,37.900,0.42020,0.26260,1,0
e1_m02,38.000,0.36688,0.16862,1,0
e1_m02,38.100,0.21291,0.13150,1,0
e1_m02,38.200,0.03149,0.20024,1,0
e1_m02,38.300,-0.11695,0.11826,1,0
e1_m02,38.400,-0.10254,0.09268,1,0
e1_m02,38.500,-0.02432,0.01819,1,0
e1_m02,38.600,0.00191,-0.00216,1,0
e1_m02,38.700,0.13066,-0.04848,1,0
e1_m02,38.800,0.05923,-0.07164,1,0
e1_m02,38.900,0.09927,-0.08794,1,0
e1_m02,39.000,0.23816,-0.06143,1,0
e1_m02,39.100,0.28657,0.01194,1,0
e1_m02,39.200,0.32766,0.11866,1,0
e1_m02,39.300,0.35058,0.24288,1,0
e1_m02,39.400,0.42574,0.32856,1,0
e1_m02,39.500,0.30492,0.32530,1,0
e1_m02,39.600,0.00865,0.24829,1,0
e1_m02,39.700,0.00797,0.16504,1,0
e1_m02,39.800,0.00234,0.14797,1,0
e1_m02,39.900,-0.04430,0.10505,1,0
e1_m02,40.000,-0.01305,0.10269,1,0
e1_m02,40.100,0.02899,0.05474,1,0
e1_m02,40.200,0.12446,-0.01308,1,0
e1_m02,40.300,0.17746,-0.09516,1,0
e1_m02,40.400,0.24974,-0.10857,1,0
e1_m02,40.500,0.25302,-0.10839,1,0
e1_m02,40.600,0.29805,0.01765,1,0
e1_m02,40.700,0.47402,0.00801,1,0
e1_m02,40.800,0.36639,0.14709,1,0
e1_m02,40.900,0.34037,0.20789,1,0
e1_m02,41.000,0.12569,0.28501,1,0
e1_m02,41.100,-0.00731,0.39114,1,0
e1_m02,41.200,-0.03184,0.38502,1,0
e1_m02,41.300,-0.15342,0.20322,1,0
e1_m02,41.400,-0.06017,0.19451,1,0
e1_m02,41.500,0.02526,0.10060,1,0
e1_m02,41.600,0.18116,0.11979,1,0
e1_m02,41.700,0.31952,0.04668,1,0
e1_m02,41.800,0.29554,0.02818,1,0
e1_m02,41.900,0.36317,0.00383,1,0
e1_m02,42.000,0.30453,-0.01062,1,0
e1_m02,42.100,0.28289,-0.04028,1,0
e1_m02,42.200,0.47047,-0.04961,1,0
e1_m02,42.300,0.31234,-0.00910,1,0
e1_m02,42.400,0.24262,0.01026,1,0
e1_m02,42.500,0.11293,0.16735,1,0
e1_m02,42.600,-0.01906,0.27232,1,0
e1_m02,42.700,-0.08413,0.32730,1,0
e1_m02,42.800,-0.09509,0.35663,1,0
e1_m02,42.900,0.03111,0.33372,1,0
e1_m02,43.000,0.16253,0.35245,1,0
e1_m02,43.100,0.34060,0.21373,1,0
e1_m02,43.200,0.39887,0.13073,1,0
e1_m02,43.300,0.39863,0.06037,1,0
e1_m02,43.400,0.40032,0.10937,1,0
e1_m02,43.500,0.35597,0.12402,1,0
e1_m02,43.600,0.38187,0.06358,1,0
e1_m02,43.700,0.31108,0.02661,1,0
e1_m02,43.800,0.18971,-0.04236,1,0
e1_m02,43.900,0.13631,0.04673,1,0
e1_m02,44.000,0.04787,0.00436,1,0
e1_m02,44.100,-0.02505,0.10635,1,0
e1_m02,44.200,-0.11498,0.23224,1,0
e1_m02,44.300,0.11317,0.38926,1,0
e1_m02,44.400,0.14477,0.39825,1,0
e1_m02,44.500,0.35554,0.41790,1,0
e1_m02,44.600,0.39414,0.37887,1,0
e1_m02,44.700,0.49754,0.26806,1,0
e1_m02,44.800,0.44648,0.16224,1,0
e1_m02,44.900,0.33109,0.11650,1,0
e1_m02,45.000,0.26043,0.17820,1,0
e1_m02,45.100,0.30971,0.01286,1,0
e1_m02,45.200,0.21491,0.12554,1,0
e1_m02,45.300,0.24723,0.00911,1,0
e1_m02,45.400,0.08742,0.08935,1,0
e1_m02,45.500,0.10262,0.04831,1,0
e1_m02,45.600,-0.03295,-0.02069,1,0
e1_m02,45.700,0.02145,0.13726,1,0
e1_m02,45.800,0.20062,0.21190,1,0
e1_m02,45.900,0.37518,0.36435,1,0
e1_m02,46.000,0.55840,0.39749,1,0
e1_m02,46.100,0.50458,0.40328,1,0
e1_m02,46.200,0.53118,0.38432,1,0
e1_m02,46.300,0.44025,0.29767,1,0
e1_m02,46.400,0.20384,0.22580,1,0
e1_m02,46.500,0.22718,0.15233,1,0
e1_m02,46.600,0.11691,0.09175,1,0
e1_m02,46.700,0.17568,0.08770,1,0
e1_m02,46.800,0.25225,0.12693,1,0
e1_m02,46.900,0.02004,0.14276,1,0
e1_m02,47.000,0.07437,0.10017,1,0
e1_m02,47.100,0.09993,0.00387,1,0
e1_m02,47.200,0.22047,0.04305,1,0
e1_m02,47.300,0.32026,0.09689,1,0
e1_m02,47.400,0.48175,0.20685,1,0
e1_m02,47.500,0.66550,0.34496,1,0
e1_m02,47.600,0.54132,0.36626,1,0
e1_m02,47.700,0.50507,0.45035,1,0
e1_m02,47.800,0.41049,0.48326,1,0
e1_m02,47.900,0.12092,0.43233,1,0
e1_m02,48.000,0.12866,0.30674,1,0
e1_m02,48.100,0.15368,0.21464,1,0
e1_m02,48.200,0.10912,0.08222,1,0
e1_m02,48.300,0.13642,0.11198,1,0
e1_m02,48.400,0.13958,0.14717,1,0
e1_m02,48.500,0.22174,0.12827,1,0
e1_m02,48.600,0.20034,0.09895,1,0
e1_m02,48.700,0.30134,0.06868,1,0
e1_m02,48.800,0.47081,0.09235,1,0
e1_m02,48.900,0.61262,0.11728,1,0
e1_m02,49.000,0.58564,0.23392,1,0
e1_m02,49.100,0.52319,0.25985,1,0
e1_m02,49.200,0.43474,0.36639,1,0
e1_m02,49.300,0.24866,0.43483,1,0
e1_m02,49.400,0.18368,0.49990,1,0
e1_m02,49.500,0.01607,0.44118,1,0
e1_m02,49.600,0.12024,0.28797,1,0
e1_m02,49.700,0.15376,0.23711,1,0
e1_m02,49.800,0.27077,0.23097,1,0
e1_m02,49.900,0.24281,0.17303,1,0
e1_m02,50.000,0.28679,0.03343,1,0
e1_m02,50.100,0.33191,0.04998,1,0
e1_m02,50.200,0.38595,0.09774,1,0
e1_m02,50.300,0.52502,0.09255,1,0
e1_m02,50.400,0.61861,0.13064,1,0
e1_m02,50.500,0.52414,0.14214,1,0
e1_m02,50.600,0.43368,0.12336,1,0
e1_m02,50.700,0.30264,0.26471,1,0
e1_m02,50.800,0.22664,0.30650,1,0
e1_m02,50.900,0.05628,0.44348,1,0
e1_m02,51.000,0.14348,0.44119,1,0
e1_m02,51.100,0.17403,0.48268,1,0
e1_m02,51.200,0.28702,0.42412,1,0
e1_m02,51.300,0.26820,0.30070,1,0
e1_m02,51.400,0.45341,0.27921,1,0
e1_m02,51.500,0.44713,0.12386,1,0
e1_m02,51.600,0.52538,0.13415,1,0
e1_m02,51.700,0.50190,0.18171,1,0
e1_m02,51.800,0.54204,0.14100,1,0
e1_m02,51.900,0.61723,0.18472,1,0
e1_m02,52.000,0.47256,0.09263,1,0
e1_m02,52.100,0.43192,0.14995,1,0
e1_m02,52.200,0.20718,0.14945,1,0
e1_m02,52.300,0.07749,0.22427,1,0
e1_m02,52.400,0.06766,0.32656,1,0
e1_m02,52.500,0.08862,0.42688,1,0
e1_m02,52.600,0.24099,0.55750,1,0
e1_m02,52.700,0.45331,0.49259,1,0
e1_m02,52.800,0.48380,0.50055,1,0
e1_m02,52.900,0.53315,0.43307,1,0
e1_m02,53.000,0.47130,0.34763,1,0
e1_m02,53.100,0.45764,0.22725,1,0
e1_m02,53.200,0.49854,0.19166,1,0
e1_m02,53.300,0.53374,0.20244,1,0
e1_m02,53.400,0.51890,0.16329,1,0
e1_m02,53.500,0.41248,0.14752,1,0
e1_m02,53.600,0.24908,0.20222,1,0
e1_m02,53.700,0.14111,0.19104,1,0
e1_m02,53.800,0.11719,0.20884,1,0
e1_m02,53.900,-0.03591,0.25724,1,0
e1_m02,54.000,0.13137,0.29916,1,0
e1_m02,54.100,0.34979,0.40019,1,0
e1_m02,54.200,0.49588,0.47282,1,0
e1_m02,54.300,0.58675,0.54126,1,0
e1_m02,54.400,0.58496,0.60730,1,0
e1_m02,54.500,0.62615,0.46364,1,0
e1_m02,54.600,0.54096,0.41151,1,0
e1_m02,54.700,0.48605,0.19563,1,0
e1_m02,54.800,0.42539,0.14068,1,0
e1_m02,54.900,0.43899,0.06525,1,0
e1_m02,55.000,0.29095,0.10954,1,0
e1_m02,55.100,0.23090,0.08167,1,0
e1_m02,55.200,0.10437,0.20087,1,0
e1_m02,55.300,0.10776,0.13743,1,0
e1_m02,55.400,0.19069,0.18753,1,0
e1_m02,55.500,0.32745,0.18391,1,0
e1_m02,55.600,0.57851,0.31685,1,0
e1_m02,55.700,0.64860,0.34407,1,0
e1_m02,55.800,0.65384,0.41385,1,0
e1_m02,55.900,0.60404,0.50299,1,0
e1_m02,56.000,0.65207,0.58115,1,0
e1_m02,56.100,0.43543,0.59436,1,0
e1_m02,56.200,0.41222,0.46038,1,0
e1_m02,56.300,0.35809,0.34266,1,0
e1_m02,56.400,0.26844,0.27358,1,0
e1_m02,56.500,0.27906,0.11718,1,0
e1_m02,56.600,0.25162,0.13976,1,0
e1_m02,56.700,0.12094,0.15439,1,0
e1_m02,56.800,0.19968,0.17348,1,0
e1_m02,56.900,0.32127,0.23325,1,0
e1_m02,57.000,0.44152,0.21354,1,0
e1_m02,57.100,0.56638,0.31579,1,0
e1_m02,57.200,0.73573,0.29709,1,0
e1_m02,57.300,0.68995,0.37947,1,0
e1_m02,57.400,0.67098,0.40161,1,0
e1_m02,57.500,0.54877,0.47216,1,0
e1_m02,57.600,0.37528,0.61232,1,0
e1_m02,57.700,0.32519,0.54945,1,0
e1_m02,57.800,0.36162,0.53359,1,0
e1_m02,57.900,0.26192,0.37880,1,0
e1_m02,58.000,0.26218,0.30895,1,0
e1_m02,58.100,0.29646,0.26140,1,0
e1_m02,58.200,0.25710,0.20106,1,0
e1_m02,58.300,0.38856,0.12916,1,0
e1_m02,58.400,0.45498,0.26117,1,0
e1_m02,58.500,0.62722,0.18421,1,0
e1_m02,58.600,0.76196,0.21205,1,0
e1_m02,58.700,0.71823,0.19879,1,0
e1_m02,58.800,0.72225,0.32202,1,0
e1_m02,58.900,0.52336,0.37976,1,0
e1_m02,59.000,0.48797,0.49395,1,0
e1_m02,59.100,0.41383,0.47708,1,0
e1_m02,59.200,0.35057,0.57386,1,0
e1_m02,59.300,0.28783,0.57803,1,0
e1_m02,59.400,0.30345,0.54027,1,0
e1_m02,59.500,0.38470,0.46011,1,0
e1_m02,59.600,0.39231,0.40530,1,0
e1_m02,59.700,0.41543,0.28161,1,0
e1_m02,59.800,0.54876,0.19327,1,0
e1_m02,59.900,0.56690,0.16189,1,0
e1_m02,60.000,0.71560,0.20985,1,0
e1_m03,0.000,-0.42686,-0.23075,1,0
e1_m03,0.100,-0.30996,-0.11573,1,0
e1_m03,0.200,-0.19207,-0.09685,1,0
e1_m03,0.300,-0.14859,-0.07875,1,0
e1_m03,0.400,-0.34455,-0.16618,1,0
e1_m03,0.500,-0.34441,-0.27690,1,0
e1_m03,0.600,-0.35598,-0.40822,1,0
e1_m03,0.700,-0.41696,-0.35844,1,0
e1_m03,0.800,-0.40000,-0.41815,1,0
e1_m03,0.900,-0.53557,-0.44369,1,0
e1_m03,1.000,-0.56815,-0.43295,1,0
e1_m03,1.100,-0.71425,-0.42283,1,0
e1_m03,1.200,-0.58550,-0.41281,1,0
e1_m03,1.300,-0.60012,-0.47609,1,0
e1_m03,1.400,-0.48612,-0.43592,1,0
e1_m03,1.500,-0.20950,-0.39291,1,0
e1_m03,1.600,-0.17178,-0.26413,1,0
e1_m03,1.700,-0.16332,-0.16819,1,0
e1_m03,1.800,-0.16231,-0.14397,1,0
e1_m03,1.900,-0.24724,-0.06698,1,0
e1_m03,2.000,-0.39655,-0.14122,1,0
e1_m03,2.100,-0.49284,-0.28366,1,0
e1_m03,2.200,-0.48149,-0.27706,1,0
e1_m03,2.300,-0.46785,-0.38018,1,0
e1_m03,2.400,-0.50228,-0.39703,1,0
e1_m03,2.500,-0.47265,-0.44647,1,0
e1_m03,2.600,-0.52244,-0.38615,1,0
e1_m03,2.700,-0.52184,-0.38537,1,0
e1_m03,2.800,-0.47877,-0.42450,1,0
e1_m03,2.900,-0.28780,-0.43596,1,0
e1_m03,3.000,-0.15784,-0.39088,1,0
e1_m03,3.100,-0.09088,-0.32406,1,0
e1_m03,3.200,-0.09904,-0.25187,1,0
e1_m03,3.300,-0.18873,-0.14218,1,0
e1_m03,3.400,-0.39686,-0.06202,1,0
e1_m03,3.500,-0.51275,-0.05137,1,0
e1_m03,3.600,-0.58001,-0.06414,1,0
e1_m03,3.700,-0.48846,-0.16929,1,0
e1_m03,3.800,-0.55958,-0.25736,1,0
e1_m03,3.900,-0.46052,-0.36520,1,0
e1_m03,4.000,-0.45593,-0.37313,1,0
e1_m03,4.100,-0.48336,-0.41462,1,0
e1_m03,4.200,-0.39395,-0.43449,1,0
e1_m03,4.300,-0.21933,-0.43562,1,0
e1_m03,4.400,-0.20465,-0.44624,1,0
e1_m03,4.500,-0.06466,-0.36714,1,0
e1_m03,4.600,-0.11791,-0.36583,1,0
e1_m03,4.700,-0.14219,-0.36149,1,0
e1_m03,4.800,-0.40549,-0.27405,1,0
e1_m03,4.900,-0.40499,-0.21797,1,0
e1_m03,5.000,-0.53994,-0.14121,1,0
e1_m03,5.100,-0.53848,-0.00496,1,0
e1_m03,5.200,-0.54257,-0.02292,1,0
e1_m03,5.300,-0.43080,-0.00564,1,0
e1_m03,5.400,-0.40216,-0.12451,1,0
e1_m03,5.500,-0.37896,-0.25240,1,0
e1_m03,5.600,-0.35340,-0.37923,1,0
e1_m03,5.700,-0.31487,-0.40105,1,0
e1_m03,5.800,-0.25801,-0.42416,1,0
e1_m03,5.900,-0.07574,-0.30197,1,0
e1_m03,6.000,-0.01849,-0.39365,1,0
e1_m03,6.100,-0.11046,-0.35923,1,0
e1_m03,6.200,-0.27213,-0.34053,1,0
e1_m03,6.300,-0.38058,-0.35281,1,0
e1_m03,6.400,-0.51861,-0.29827,1,0
e1_m03,6.500,-0.54911,-0.22311,1,0
e1_m03,6.600,-0.51903,-0.14784,1,0
e1_m03,6.700,-0.39972,-0.11366,1,0
e1_m03,6.800,-0.39199,-0.09088,1,0
e1_m03,6.900,-0.33518,0.01374,1,0
e1_m03,7.000,-0.38323,-0.13665,1,0
e1_m03,7.100,-0.28364,-0.19121,1,0
e1_m03,7.200,-0.15710,-0.34201,1,0
e1_m03,7.300,-0.12325,-0.33824,1,0
e1_m03,7.400,-0.09748,-0.41766,1,0
e1_m03,7.500,-0.05606,-0.35720,1,0
e1_m03,7.600,-0.20716,-0.31241,1,0
e1_m03,7.700,-0.31996,-0.34517,1,0
e1_m03,7.800,-0.46096,-0.35585,1,0
e1_m03,7.900,-0.58897,-0.29651,1,0
e1_m03,8.000,-0.58774,-0.25179,1,0
e1_m03,8.100,-0.46503,-0.24338,1,0
e1_m03,8.200,-0.42988,-0.22618,1,0
e1_m03,8.300,-0.31321,-0.10015,1,0
e1_m03,8.400,-0.17950,-0.03401,1,0
e1_m03,8.500,-0.14699,0.02561,1,0
e1_m03,8.600,-0.27041,-0.09256,1,0
e1_m03,8.700,-0.18041,-0.15180,1,0
e1_m03,8.800,-0.08149,-0.20603,1,0
e1_m03,8.900,-0.09406,-0.33656,1,0
e1_m03,9.000,-0.19159,-0.42234,1,0
e1_m03,9.100,-0.36214,-0.40421,1,0
e1_m03,9.200,-0.37433,-0.36483,1,0
e1_m03,9.300,-0.45532,-0.40285,1,0
e1_m03,9.400,-0.59211,-0.30126,1,0
e1_m03,9.500,-0.50169,-0.31440,1,0
e1_m03,9.600,-0.36457,-0.28172,1,0
e1_m03,9.700,-0.21878,-0.29973,1,0
e1_m03,9.800,-0.13535,-0.19498,1,0
e1_m03,9.900,-0.02556,-0.12172,1,0
e1_m03,10.000,-0.13448,-0.03413,1,0
e1_m03,10.100,-0.17699,-0.03938,1,0
e1_m03,10.200,-0.18981,0.00721,1,0
e1_m03,10.300,-0.20392,-0.04955,1,0
e1_m03,10.400,-0.25483,-0.18998,1,0
e1_m03,10.500,-0.29227,-0.24862,1,0
e1_m03,10.600,-0.42172,-0.30248,1,0
e1_m03,10.700,-0.50708,-0.37448,1,0
e1_m03,10.800,-0.59342,-0.33244,1,0
e1_m03,10.900,-0.45699,-0.35686,1,0
e1_m03,11.000,-0.43192,-0.26831,1,0
e1_m03,11.100,-0.31990,-0.27972,1,0
e1_m03,11.200,-0.11203,-0.31575,1,0
e1_m03,11.300,-0.05267,-0.18219,1,0
e1_m03,11.400,0.03057,-0.22025,1,0
e1_m03,11.500,-0.16586,-0.07120,1,0
e1_m03,11.600,-0.14173,-0.09218,1,0
e1_m03,11.700,-0.20401,0.07403,1,0
e1_m03,11.800,-0.19164,0.02492,1,0
e1_m03,11.900,-0.27552,-0.01998,1,0
e1_m03,12.000,-0.33237,-0.14981,1,0
e1_m03,12.100,-0.37303,-0.15030,1,0
e1_m03,12.200,-0.45682,-0.27783,1,0
e1_m03,12.300,-0.43199,-0.36406,1,0
e1_m03,12.400,-0.40097,-0.33142,1,0
e1_m03,12.500,-0.30761,-0.34741,1,0
e1_m03,12.600,-0.17101,-0.36901,1,0
e1_m03,12.700,-0.04126,-0.27058,1,0
e1_m03,12.800,0.02247,-0.19770,1,0
e1_m03,12.900,-0.09921,-0.26304,1,0
e1_m03,13.000,-0.08314,-0.17243,1,0
e1_m03,13.100,-0.21392,-0.23052,1,0
e1_m03,13.200,-0.31667,-0.12820,1,0
e1_m03,13.300,-0.35489,-0.05317,1,0
e1_m03,13.400,-0.36757,-0.02934,1,0
e1_m03,13.500,-0.35166,-0.00408,1,0
e1_m03,13.600,-0.39292,-0.03922,1,0
e1_m03,13.700,-0.36173,-0.13619,1,0
e1_m03,13.800,-0.31872,-0.25340,1,0
e1_m03,13.900,-0.27557,-0.33294,1,0
e1_m03,14.000,-0.09161,-0.34717,1,0
e1_m03,14.100,0.04890,-0.34657,1,0
e1_m03,14.200,0.09966,-0.33248,1,0
e1_m03,14.300,-0.01417,-0.31707,1,0
e1_m03,14.400,-0.01510,-0.23335,1,0
e1_m03,14.500,-0.21514,-0.29531,1,0
e1_m03,14.600,-0.33852,-0.14060,1,0
e1_m03,14.700,-0.36856,-0.07706,1,0
e1_m03,14.800,-0.42807,-0.09014,1,0
e1_m03,14.900,-0.39872,-0.02458,1,0
e1_m03,15.000,-0.30390,0.02481,1,0
e1_m03,15.100,-0.31841,0.06459,1,0
e1_m03,15.200,-0.32091,0.02361,1,0
e1_m03,15.300,-0.35936,-0.03465,1,0
e1_m03,15.400,-0.22675,-0.12965,1,0
e1_m03,15.500,-0.07411,-0.20474,1,0
e1_m03,15.600,0.05999,-0.30144,1,0
e1_m03,15.700,0.06975,-0.38416,1,0
e1_m03,15.800,-0.00431,-0.30613,1,0
e1_m03,15.900,-0.15269,-0.38210,1,0
e1_m03,16.000,-0.31994,-0.23229,1,0
e1_m03,16.100,-0.33033,-0.20655,1,0
e1_m03,16.200,-0.33797,-0.16813,1,0
e1_m03,16.300,-0.30217,-0.14748,1,0
e1_m03,16.400,-0.30130,-0.09736,1,0
e1_m03,16.500,-0.25758,-0.02905,1,0
e1_m03,16.600,-0.22624,-0.05967,1,0
e1_m03,16.700,-0.15698,-0.01976,1,0
e1_m03,16.800,-0.20898,-0.01479,1,0
e1_m03,16.900,-0.02609,-0.04342,1,0
e1_m03,17.000,0.04722,-0.08306,1,0
e1_m03,17.100,0.15085,-0.18501,1,0
e1_m03,17.200,0.03062,-0.28037,1,0
e1_m03,17.300,-0.06878,-0.29929,1,0
e1_m03,17.400,-0.21034,-0.44287,1,0
e1_m03,17.500,-0.36168,-0.35697,1,0
e1_m03,17.600,-0.39994,-0.22686,1,0
e1_m03,17.700,-0.37524,-0.24265,1,0
e1_m03,17.800,-0.33244,-0.11600,1,0
e1_m03,17.900,-0.28114,-0.11800,1,0
e1_m03,18.000,-0.18838,-0.03828,1,0
e1_m03,18.100,-0.20245,-0.00729,1,0
e1_m03,18.200,-0.13319,-0.02941,1,0
e1_m03,18.300,-0.14541,0.00826,1,0
e1_m03,18.400,-0.05810,0.04336,1,0
e1_m03,18.500,0.06938,-0.00741,1,0
e1_m03,18.600,-0.01859,0.02303,1,0
e1_m03,18.700,-0.01700,-0.14676,1,0
e1_m03,18.800,-0.23087,-0.22064,1,0
e1_m03,18.900,-0.26646,-0.28944,1,0
e1_m03,19.000,-0.40605,-0.34539,1,0
e1_m03,19.100,-0.47494,-0.28976,1,0
e1_m03,19.200,-0.34115,-0.26455,1,0
e1_m03,19.300,-0.21254,-0.19404,1,0
e1_m03,19.400,-0.11316,-0.10812,1,0
e1_m03,19.500,-0.04660,-0.08181,1,0
e1_m03,19.600,-0.04101,-0.10125,1,0
e1_m03,19.700,0.05344,-0.06812,1,0
e1_m03,19.800,-0.06810,0.02667,1,0
e1_m03,19.900,0.01886,0.07726,1,0
e1_m03,20.000,0.07341,0.12902,1,0
e1_m03,20.100,-0.05642,0.02374,1,0
e1_m03,20.200,-0.12116,0.03797,1,0
e1_m03,20.300,-0.23951,-0.03432,1,0
e1_m03,20.400,-0.40900,-0.20890,1,0
e1_m03,20.500,-0.38049,-0.21261,1,0
e1_m03,20.600,-0.42057,-0.24354,1,0
e1_m03,20.700,-0.27113,-0.32684,1,0
e1_m03,20.800,-0.07345,-0.28686,1,0
e1_m03,20.900,0.00320,-0.17044,1,0
e1_m03,21.000,0.12896,-0.14996,1,0
e1_m03,21.100,0.09966,-0.10003,1,0
e1_m03,21.200,0.02563,0.04825,1,0
e1_m03,21.300,0.08582,-0.00507,1,0
e1_m03,21.400,-0.00436,0.03668,1,0
e1_m03,21.500,-0.02065,0.04432,1,0
e1_m03,21.600,-0.08253,0.02989,1,0
e1_m03,21.700,-0.25925,0.07787,1,0
e1_m03,21.800,-0.28125,0.09073,1,0
e1_m03,21.900,-0.43259,-0.04533,1,0
e1_m03,22.000,-0.33934,-0.10880,1,0
e1_m03,22.100,-0.24165,-0.20332,1,0
e1_m03,22.200,-0.12004,-0.25002,1,0
e1_m03,22.300,0.02243,-0.32843,1,0
e1_m03,22.400,0.05897,-0.33777,1,0
e1_m03,22.500,0.13190,-0.13322,1,0
e1_m03,22.600,0.14597,-0.16271,1,0
e1_m03,22.700,0.05060,-0.13253,1,0
e1_m03,22.800,-0.04054,-0.00569,1,0
e1_m03,22.900,-0.09471,-0.00475,1,0
e1_m03,23.000,-0.15485,0.09018,1,0
e1_m03,23.100,-0.22475,0.04263,1,0
e1_m03,23.200,-0.28043,0.05371,1,0
e1_m03,23.300,-0.30004,0.12099,1,0
e1_m03,23.400,-0.29845,0.04160,1,0
e1_m03,23.500,-0.30365,0.02311,1,0
e1_m03,23.600,-0.16945,0.02707,1,0
e1_m03,23.700,0.05071,-0.15791,1,0
e1_m03,23.800,0.24846,-0.18890,1,0
e1_m03,23.900,0.18855,-0.28911,1,0
e1_m03,24.000,0.16238,-0.27456,1,0
e1_m03,24.100,0.04024,-0.23815,1,0
e1_m03,24.200,-0.04239,-0.16947,1,0
e1_m03,24.300,-0.08613,-0.10652,1,0
e1_m03,24.400,-0.21727,-0.09319,1,0
e1_m03,24.500,-0.16836,0.05286,1,0
e1_m03,24.600,-0.15677,0.07878,1,0
e1_m03,24.700,-0.24999,0.03944,1,0
e1_m03,24.800,-0.24748,0.10663,1,0
e1_m03,24.900,-0.28680,0.08708,1,0
e1_m03,25.000,-0.15049,0.09314,1,0
e1_m03,25.100,-0.02412,0.03005,1,0
e1_m03,25.200,0.12191,0.01713,1,0
e1_m03,25.300,0.17130,-0.11111,1,0
e1_m03,25.400,0.24331,-0.15376,1,0
e1_m03,25.500,0.14372,-0.17929,1,0
e1_m03,25.600,-0.00482,-0.31746,1,0
e1_m03,25.700,-0.09107,-0.20905,1,0
e1_m03,25.800,-0.21280,-0.13297,1,0
e1_m03,25.900,-0.14575,-0.12827,1,0
e1_m03,26.000,-0.20498,-0.05586,1,0
e1_m03,26.100,-0.14775,0.02017,1,0
e1_m03,26.200,-0.15470,0.01150,1,0
e1_m03,26.300,-0.16052,0.14870,1,0
e1_m03,26.400,-0.12509,0.11679,1,0
e1_m03,26.500,0.00338,0.06383,1,0
e1_m03,26.600,0.06264,0.10385,1,0
e1_m03,26.700,0.19914,0.09493,1,0
e1_m03,26.800,0.23915,0.03061,1,0
e1_m03,26.900,0.15156,-0.02015,1,0
e1_m03,27.000,0.04525,-0.08214,1,0
e1_m03,27.100,-0.12288,-0.18216,1,0
e1_m03,27.200,-0.19561,-0.18667,1,0
e1_m03,27.300,-0.22667,-0.27296,1,0
e1_m03,27.400,-0.21085,-0.21972,1,0
e1_m03,27.500,-0.06389,-0.15376,1,0
e1_m03,27.600,-0.07009,-0.08580,1,0
e1_m03,27.700,-0.05480,0.06123,1,0
e1_m03,27.800,-0.05640,0.11940,1,0
e1_m03,27.900,-0.09878,0.11634,1,0
e1_m03,28.000,0.07526,0.14008,1,0
e1_m03,28.100,0.22975,0.04502,1,0
e1_m03,28.200,0.18917,0.10841,1,0
e1_m03,28.300,0.09220,0.09368,1,0
e1_m03,28.400,0.10020,0.06970,1,0
e1_m03,28.500,-0.05643,-0.00521,1,0
e1_m03,28.600,-0.18623,-0.10118,1,0
e1_m03,28.700,-0.27693,-0.11834,1,0
e1_m03,28.800,-0.26815,-0.17412,1,0
e1_m03,28.900,-0.18744,-0.24243,1,0
e1_m03,29.000,-0.10183,-0.31581,1,0
e1_m03,29.100,-0.10808,-0.08603,1,0
e1_m03,29.200,0.03694,-0.12646,1,0
e1_m03,29.300,0.03078,0.05482,1,0
e1_m03,29.400,0.08339,0.12458,1,0
e1_m03,29.500,0.15712,0.16461,1,0
e1_m03,29.600,0.26499,0.15831,1,0
e1_m03,29.700,0.22619,0.18173,1,0
e1_m03,29.800,0.10240,0.10374,1,0
e1_m03,29.900,0.01888,0.13140,1,0
e1_m03,30.000,-0.16597,-0.00565,1,0
e1_m03,30.100,-0.23125,0.12476,1,0
e1_m03,30.200,-0.29063,0.02145,1,0
e1_m03,30.300,-0.20422,-0.07273,1,0
e1_m03,30.400,-0.09527,-0.13713,1,0
e1_m03,30.500,0.02235,-0.19491,1,0
e1_m03,30.600,0.11071,-0.16722,1,0
e1_m03,30.700,0.12452,-0.22942,1,0
e1_m03,30.800,0.11940,-0.05254,1,0
e1_m03,30.900,0.14727,-0.03050,1,0
e1_m03,31.000,0.15920,0.12350,1,0
e1_m03,31.100,0.17793,0.20189,1,0
e1_m03,31.200,0.20597,0.14989,1,0
e1_m03,31.300,0.09774,0.14977,1,0
e1_m03,31.400,-0.14067,0.16512,1,0
e1_m03,31.500,-0.17463,0.09509,1,0
e1_m03,31.600,-0.20191,0.10089,1,0
e1_m03,31.700,-0.27000,0.05513,1,0
e1_m03,31.800,-0.09493,0.02077,1,0
e1_m03,31.900,0.12509,0.00917,1,0
e1_m03,32.000,0.12445,-0.06377,1,0
e1_m03,32.100,0.29323,-0.13586,1,0
e1_m03,32.200,0.25281,-0.26268,1,0
e1_m03,32.300,0.21887,-0.18151,1,0
e1_m03,32.400,0.12695,-0.11159,1,0
e1_m03,32.500,0.17999,-0.00916,1,0
e1_m03,32.600,0.11542,0.06522,1,0
e1_m03,32.700,0.04596,0.13512,1,0
e1_m03,32.800,-0.05365,0.26018,1,0
e1_m03,32.900,-0.19597,0.17444,1,0
e1_m03,33.000,-0.20368,0.20386,1,0
e1_m03,33.100,-0.22786,0.16669,1,0
e1_m03,33.200,-0.17493,0.11114,1,0
e1_m03,33.300,0.03107,0.13499,1,0
e1_m03,33.400,0.12289,0.06499,1,0
e1_m03,33.500,0.21847,-0.02040,1,0
e1_m03,33.600,0.33022,0.03495,1,0
e1_m03,33.700,0.25749,-0.05970,1,0
e1_m03,33.800,0.15755,-0.13353,1,0
e1_m03,33.900,0.07240,-0.18269,1,0
e1_m03,34.000,-0.03159,-0.11579,1,0
e1_m03,34.100,0.06364,-0.03547,1,0
e1_m03,34.200,-0.03396,0.04461,1,0
e1_m03,34.300,-0.06267,0.19543,1,0
e1_m03,34.400,-0.16054,0.19171,1,0
e1_m03,34.500,-0.13445,0.27362,1,0
e1_m03,34.600,-0.09355,0.25387,1,0
e1_m03,34.700,0.01187,0.16873,1,0
e1_m03,34.800,0.16731,0.15041,1,0
e1_m03,34.900,0.24392,0.09604,1,0
e1_m03,35.000,0.38685,0.04557,1,0
e1_m03,35.100,0.31732,0.12669,1,0
e1_m03,35.200,0.20428,0.01262,1,0
e1_m03,35.300,0.01178,-0.11237,1,0
e1_m03,35.400,0.03391,-0.09082,1,0
e1_m03,35.500,0.05754,-0.12216,1,0
e1_m03,35.600,0.03374,-0.08898,1,0
e1_m03,35.700,-0.00264,-0.11719,1,0
e1_m03,35.800,-0.06232,-0.00985,1,0
e1_m03,35.900,-0.07688,0.10845,1,0
e1_m03,36.000,-0.14854,0.17573,1,0
e1_m03,36.100,0.03480,0.20799,1,0
e1_m03,36.200,0.08183,0.24804,1,0
e1_m03,36.300,0.26326,0.18659,1,0
e1_m03,36.400,0.38004,0.19157,1,0
e1_m03,36.500,0.37026,0.07424,1,0
e1_m03,36.600,0.25598,0.16580,1,0
e1_m03,36.700,0.15002,0.02696,1,0
e1_m03,36.800,0.02596,0.01923,1,0
e1_m03,36.900,0.00404,-0.03353,1,0
e1_m03,37.000,-0.03510,-0.02125,1,0
e1_m03,37.100,-0.07691,-0.10651,1,0
e1_m03,37.200,-0.01710,-0.07965,1,0
e1_m03,37.300,0.01311,-0.14403,1,0
e1_m03,37.400,-0.03179,-0.00458,1,0
e1_m03,37.500,-0.01729,0.08864,1,0
e1_m03,37.600,0.14186,0.21261,1,0
e1_m03,37.700,0.23810,0.22265,1,0
e1_m03,37.800,0.36557,0.30807,1,0
e1_m03,37.900,0.48093,0.24757,1,0
e1_m03,38.000,0.34452,0.28365,1,0
e1_m03,38.100,0.23482,0.17287,1,0
e1_m03,38.200,0.00219,0.10430,1,0
e1_m03,38.300,-0.06924,0.05987,1,0
e1_m03,38.400,-0.17129,0.09616,1,0
e1_m03,38.500,-0.09490,0.06051,1,0
e1_m03,38.600,-0.04745,0.00913,1,0
e1_m03,38.700,0.02693,-0.04061,1,0
e1_m03,38.800,0.02066,-0.05804,1,0
e1_m03,38.900,0.13327,-0.04236,1,0
e1_m03,39.000,0.13125,-0.00641,1,0
e1_m03,39.100,0.21969,0.07234,1,0
e1_m03,39.200,0.38552,0.13745,1,0
e1_m03,39.300,0.30214,0.24168,1,0
e1_m03,39.400,0.43785,0.28903,1,0
e1_m03,39.500,0.28120,0.29836,1,0
e1_m03,39.600,0.10212,0.26382,1,0
e1_m03,39.700,0.01019,0.26407,1,0
e1_m03,39.800,-0.07707,0.15702,1,0
e1_m03,39.900,-0.13769,0.18296,1,0
e1_m03,40.000,0.02090,0.02241,1,0
e1_m03,40.100,0.10816,0.05924,1,0
e1_m03,40.200,0.15600,0.03236,1,0
e1_m03,40.300,0.17993,-0.00708,1,0
e1_m03,40.400,0.20472,-0.03399,1,0
e1_m03,40.500,0.23074,-0.09004,1,0
e1_m03,40.600,0.38626,-0.06313,1,0
e1_m03,40.700,0.36015,-0.05085,1,0
e1_m03,40.800,0.34307,0.08213,1,0
e1_m03,40.900,0.26702,0.29041,1,0
e1_m03,41.000,0.11811,0.33999,1,0
e1_m03,41.100,0.03380,0.31608,1,0
e1_m03,41.200,-0.16163,0.38896,1,0
e1_m03,41.300,-0.08667,0.30103,1,0
e1_m03,41.400,0.01442,0.17990,1,0
e1_m03,41.500,0.06908,0.12773,1,0
e1_m03,41.600,0.18990,0.11467,1,0
e1_m03,41.700,0.21150,0.17004,1,0
e1_m03,41.800,0.27743,0.05524,1,0
e1_m03,41.900,0.29526,0.02671,1,0
e1_m03,42.000,0.28156,-0.02944,1,0
e1_m03,42.100,0.30923,-0.02562,1,0
e1_m03,42.200,0.39270,-0.02422,1,0
e1_m03,42.300,0.18925,0.03812,1,0
e1_m03,42.400,0.24134,0.06165,1,0
e1_m03,42.500,0.07614,0.18100,1,0
e1_m03,42.600,-0.04699,0.27190,1,0
e1_m03,42.700,-0.07264,0.34190,1,0
e1_m03,42.800,-0.06852,0.41430,1,0
e1_m03,42.900,0.06186,0.40491,1,0
e1_m03,43.000,0.24121,0.23638,1,0
e1_m03,43.100,0.24720,0.17239,1,0
e1_m03,43.200,0.31837,0.12553,1,0
e1_m03,43.300,0.46140,0.07444,1,0
e1_m03,43.400,0.34126,0.07966,1,0
e1_m03,43.500,0.18850,0.10587,1,0
e1_m03,43.600,0.19403,0.01448,1,0
e1_m03,43.700,0.21248,-0.09892,1,0
e1_m03,43.800,0.18716,0.00120,1,0
e1_m03,43.900,0.20724,-0.02802,1,0
e1_m03,44.000,0.01516,0.06654,1,0
e1_m03,44.100,-0.08323,0.14888,1,0
e1_m03,44.200,-0.05283,0.25911,1,0
e1_m03,44.300,0.01803,0.35855,1,0
e1_m03,44.400,0.18440,0.37070,1,0
e1_m03,44.500,0.25282,0.37520,1,0
e1_m03,44.600,0.39019,0.32532,1,0
e1_m03,44.700,0.43647,0.23014,1,0
e1_m03,44.800,0.36093,0.19694,1,0
e1_m03,44.900,0.30616,0.19300,1,0
e1_m03,45.000,0.23078,0.08105,1,0
e1_m03,45.100,0.22856,0.03679,1,0
e1_m03,45.200,0.23047,0.08146,1,0
e1_m03,45.300,0.13137,0.06017,1,0
e1_m03,45.400,0.11538,0.01546,1,0
e1_m03,45.500,-0.02442,-0.04850,1,0
e1_m03,45.600,-0.04286,0.01092,1,0
e1_m03,45.700,0.04238,0.14170,1,0
e1_m03,45.800,0.16064,0.21621,1,0
e1_m03,45.900,0.32024,0.33899,1,0
e1_m03,46.000,0.43469,0.32183,1,0
e1_m03,46.100,0.45864,0.37792,1,0
e1_m03,46.200,0.42812,0.38832,1,0
e1_m03,46.300,0.38720,0.24817,1,0
e1_m03,46.400,0.26789,0.22931,1,0
e1_m03,46.500,0.21829,0.15654,1,0
e1_m03,46.600,0.11447,0.09576,1,0
e1_m03,46.700,0.06864,0.09774,1,0
e1_m03,46.800,0.10502,0.03794,1,0
e1_m03,46.900,0.06997,0.06827,1,0
e1_m03,47.000,0.04677,0.07118,1,0
e1_m03,47.100,0.09000,-0.01512,1,0
e1_m03,47.200,0.03888,0.04880,1,0
e1_m03,47.300,0.25117,0.10316,1,0
e1_m03,47.400,0.34974,0.19131,1,0
e1_m03,47.500,0.54855,0.26314,1,0
e1_m03,47.600,0.56030,0.38281,1,0
e1_m03,47.700,0.39106,0.36472,1,0
e1_m03,47.800,0.35344,0.38520,1,0
e1_m03,47.900,0.14205,0.37793,1,0
e1_m03,48.000,0.12276,0.30301,1,0
e1_m03,48.100,0.11272,0.21140,1,0
e1_m03,48.200,0.11659,0.15746,1,0
e1_m03,48.300,0.12130,0.10210,1,0
e1_m03,48.400,0.15065,0.10249,1,0
e1_m03,48.500,0.13433,0.07082,1,0
e1_m03,48.600,0.24924,0.10955,1,0
e1_m03,48.700,0.29007,0.08194,1,0
e1_m03,48.800,0.40654,0.09231,1,0
e1_m03,48.900,0.57290,0.09061,1,0
e1_m03,49.000,0.50558,0.18830,1,0
e1_m03,49.100,0.47400,0.21328,1,0
e1_m03,49.200,0.45508,0.30475,1,0
e1_m03,49.300,0.17416,0.35402,1,0
e1_m03,49.400,0.10071,0.40941,1,0
e1_m03,49.500,0.04245,0.41759,1,0
e1_m03,49.600,0.12355,0.30349,1,0
e1_m03,49.700,0.21337,0.22894,1,0
e1_m03,49.800,0.24414,0.18215,1,0
e1_m03,49.900,0.17968,0.11845,1,0
e1_m03,50.000,0.24341,0.07753,1,0
e1_m03,50.100,0.28733,0.08280,1,0
e1_m03,50.200,0.34041,0.15676,1,0
e1_m03,50.300,0.47570,0.05946,1,0
e1_m03,50.400,0.55425,0.09547,1,0
e1_m03,50.500,0.55210,0.07380,1,0
e1_m03,50.600,0.49150,0.09885,1,0
e1_m03,50.700,0.25970,0.24880,1,0
e1_m03,50.800,0.10375,0.30438,1,0
e1_m03,50.900,0.04783,0.49309,1,0
e1_m03,51.000,0.08922,0.48722,1,0
e1_m03,51.100,0.06236,0.40364,1,0
e1_m03,51.200,0.17814,0.41447,1,0
e1_m03,51.300,0.36724,0.34247,1,0
e1_m03,51.400,0.32811,0.15501,1,0
e1_m03,51.500,0.37230,0.11160,1,0
e1_m03,51.600,0.39005,0.09198,1,0
e1_m03,51.700,0.45265,0.10004,1,0
e1_m03,51.800,0.53424,0.15916,1,0
e1_m03,51.900,0.47538,0.09064,1,0
e1_m03,52.000,0.49775,0.09543,1,0
e1_m03,52.100,0.38996,0.12823,1,0
e1_m03,52.200,0.14513,0.13098,1,0
e1_m03,52.300,0.07447,0.24100,1,0
e1_m03,52.400,0.05974,0.29138,1,0
e1_m03,52.500,0.11611,0.34780,1,0
e1_m03,52.600,0.20366,0.42386,1,0
e1_m03,52.700,0.27821,0.49252,1,0
e1_m03,52.800,0.43805,0.43936,1,0
e1_m03,52.900,0.36863,0.38717,1,0
e1_m03,53.000,0.42467,0.28332,1,0
e1_m03,53.100,0.45566,0.22491,1,0
e1_m03,53.200,0.47523,0.21983,1,0
e1_m03,53.300,0.50418,0.11553,1,0
e1_m03,53.400,0.40577,0.11152,1,0
e1_m03,53.500,0.41146,0.16283,1,0
e1_m03,53.600,0.26750,0.12951,1,0
e1_m03,53.700,0.08982,0.14858,1,0
e1_m03,53.800,0.08137,0.20770,1,0
e1_m03,53.900,0.11112,0.18421,1,0
e1_m03,54.000,0.17966,0.23433,1,0
e1_m03,54.100,0.28734,0.35690,1,0
e1_m03,54.200,0.57376,0.34475,1,0
e1_m03,54.300,0.49400,0.46821,1,0
e1_m03,54.400,0.60726,0.44781,1,0
e1_m03,54.500,0.46340,0.41955,1,0
e1_m03,54.600,0.41493,0.34871,1,0
e1_m03,54.700,0.40966,0.28268,1,0
e1_m03,54.800,0.46266,0.16754,1,0
e1_m03,54.900,0.40329,0.10097,1,0
e1_m03,55.000,0.29272,0.17857,1,0
e1_m03,55.100,0.19653,0.16334,1,0
e1_m03,55.200,0.22428,0.14675,1,0
e1_m03,55.300,0.07098,0.21018,1,0
e1_m03,55.400,0.15997,0.17165,1,0
e1_m03,55.500,0.26915,0.19085,1,0
e1_m03,55.600,0.52897,0.27732,1,0
e1_m03,55.700,0.44766,0.30892,1,0
e1_m03,55.800,0.60152,0.42209,1,0
e1_m03,55.900,0.57178,0.49187,1,0
e1_m03,56.000,0.41302,0.54729,1,0
e1_m03,56.100,0.41090,0.39388,1,0
e1_m03,56.200,0.31568,0.44390,1,0
e1_m03,56.300,0.38910,0.41883,1,0
e1_m03,56.400,0.32896,0.24350,1,0
e1_m03,56.500,0.18620,0.13455,1,0
e1_m03,56.600,0.19125,0.10278,1,0
e1_m03,56.700,0.13270,0.09061,1,0
e1_m03,56.800,0.13625,0.15943,1,0
e1_m03,56.900,0.28311,0.17272,1,0
e1_m03,57.000,0.50438,0.19676,1,0
e1_m03,57.100,0.62515,0.18620,1,0
e1_m03,57.200,0.68636,0.21640,1,0
e1_m03,57.300,0.64552,0.40299,1,0
e1_m03,57.400,0.54427,0.41290,1,0
e1_m03,57.500,0.47820,0.47863,1,0
e1_m03,57.600,0.31846,0.53644,1,0
e1_m03,57.700,0.32308,0.46539,1,0
e1_m03,57.800,0.26837,0.42483,1,0
e1_m03,57.900,0.31204,0.48218,1,0
e1_m03,58.000,0.20435,0.30473,1,0
e1_m03,58.100,0.24257,0.21639,1,0
e1_m03,58.200,0.17648,0.15098,1,0
e1_m03,58.300,0.24576,0.11068,1,0
e1_m03,58.400,0.38831,0.14419,1,0
e1_m03,58.500,0.56753,0.16603,1,0
e1_m03,58.600,0.67050,0.22160,1,0
e1_m03,58.700,0.73434,0.31620,1,0
e1_m03,58.800,0.65563,0.28230,1,0
e1_m03,58.900,0.51918,0.29015,1,0
e1_m03,59.000,0.31937,0.39158,1,0
e1_m03,59.100,0.16023,0.43355,1,0
e1_m03,59.200,0.28633,0.50408,1,0
e1_m03,59.300,0.27715,0.54115,1,0
e1_m03,59.400,0.28852,0.51337,1,0
e1_m03,59.500,0.33367,0.43260,1,0
e1_m03,59.600,0.27003,0.37099,1,0
e1_m03,59.700,0.32233,0.28084,1,0
e1_m03,59.800,0.33929,0.19930,1,0
e1_m03,59.900,0.59290,0.15942,1,0
e1_m03,60.000,0.64165,0.13032,1,0
